Generated by HiviewDFX@OpenHarmony
================================================================
Device info:OpenHarmony 3.2
Build info:OpenHarmony 6.1.0.31
DeviceDebuggable:Yes
Fingerprint:83389928f59affd1b5281cd3450389d730180d54ad5ef82b9d97d4d05d3eb263
Module name:org.touchmap.app
ReleaseType:debug
CpuAbi:x86_64
Version:1.0.0
VersionCode:1000000
IsSystemApp:No
PreInstalled:No
Foreground:Yes
Pid:23897
Uid:20010042
Process life time:966s
Process Memory(kB): 341512(Rss)
Device Memory(kB): Total 4017276, Free 2195836, Available 3070336
Reason:THREAD_BLOCK_6S
appfreeze: org.touchmap.app THREAD_BLOCK_6S at 20261003233342
DisplayPowerInfo:powerState:AWAKE
Page switch history:
  23:22:36.112 :enters foreground
>>>>>>>>>>>>>>>>>>>>>>>>>>>>>>>>>>>>>>>>>>>
DOMAIN:AAFWK
STRINGID:THREAD_BLOCK_6S
TIMESTAMP:2026/10/03-23:33:42:795
PID:23897
UID:20010042
PACKAGE_NAME:org.touchmap.app
PROCESS_NAME:org.touchmap.app
*******************************************
start time: 2026/10/03-23:33:40:165
DOMAIN = AAFWK
EVENTNAME = THREAD_BLOCK_3S
TIMESTAMP = 2026/10/03-23:33:39:978
PID = 23897
UID = 20010042
TID = 23897
PACKAGE_NAME = org.touchmap.app
PROCESS_NAME = org.touchmap.app
eventLog_action = ffrt,t,GpuStack,cmd:m,hot
eventLog_interval = 10
MSG = 
Fault time:2026/10/03-23:33:39
App main thread is not response!

Main handler dump start time: 2026-10-03 23:33:39.343
mainHandler dump is:
 EventHandler dump begin curTime: 2026-10-03 23:33:39.343
 Event runner (Thread name = , Thread ID = 23897) is running
 Current Running: start at 2026-10-03 23:33:35.773, Event { send thread = 23897, send time = 2026-10-03 23:33:35.773, handle time = 2026-10-03 23:33:35.773, trigger time = 2026-10-03 23:33:35.773, task name = vSyncTask, caller = [event_queue.cpp(HandleFileDescriptorEvent:313)] }
 History event queue information:
 No. 0 : Event { send thread = 23897, send time = 2026-10-03 23:33:35.438, handle time = 2026-10-03 23:33:35.438, trigger time = 2026-10-03 23:33:35.438, completeTime time = 2026-10-03 23:33:35.445, priority = High, task name = vSyncTask, caller = [event_queue.cpp(HandleFileDescriptorEvent:313)] }
 No. 1 : Event { send thread = 23897, send time = 2026-10-03 23:33:35.438, handle time = 2026-10-03 23:33:35.438, trigger time = 2026-10-03 23:33:35.445, completeTime time = 2026-10-03 23:33:35.445, priority = IDEL, task name = IdleTime:PostTask, caller = [idle_time.cpp(PostTask:114)] }
 No. 2 : Event { send thread = 23897, send time = 2026-10-03 23:33:35.421, handle time = 2026-10-03 23:33:35.472, trigger time = 2026-10-03 23:33:35.475, completeTime time = 2026-10-03 23:33:35.476, priority = Low, task name = ArkUIIdleTask, caller = [task_runner_adapter_impl.cpp(PostDelayedTask:44)] }
 No. 3 : Event { send thread = 23897, send time = 2026-10-03 23:33:35.445, handle time = 2026-10-03 23:33:35.445, trigger time = 2026-10-03 23:33:35.476, completeTime time = 2026-10-03 23:33:35.479, priority = IDEL, task name = IdleTime:PostTask, caller = [idle_time.cpp(PostTask:114)] }
 No. 4 : Event { send thread = 23897, send time = 2026-10-03 23:33:35.526, handle time = 2026-10-03 23:33:35.526, trigger time = 2026-10-03 23:33:35.527, completeTime time = 2026-10-03 23:33:35.620, priority = VIP, task name = MMITask, caller = [event_queue.cpp(HandleFileDescriptorEvent:313)] }
 No. 5 : Event { send thread = 24278, send time = 2026-10-03 23:33:35.599, handle time = 2026-10-03 23:33:35.599, trigger time = 2026-10-03 23:33:35.621, completeTime time = 2026-10-03 23:33:35.751, priority = Immediate, task name = QuerySql, caller = [ohos_js_environment_impl.cpp(PostTaskToHandler:72)] }
 No. 6 : Event { send thread = 24283, send time = 2026-10-03 23:33:35.646, handle time = 2026-10-03 23:33:35.646, trigger time = 2026-10-03 23:33:35.752, completeTime time = 2026-10-03 23:33:35.760, priority = Immediate, task name = Flush, caller = [ohos_js_environment_impl.cpp(PostTaskToHandler:72)] }
 No. 7 : Event { send thread = 24537, send time = 2026-10-03 23:33:35.574, handle time = 2026-10-03 23:33:35.574, trigger time = 2026-10-03 23:33:35.760, completeTime time = 2026-10-03 23:33:35.763, priority = High, task name = Promise, caller = [ohos_js_environment_impl.cpp(PostTaskToHandler:72)] }
 No. 8 : Event { send thread = 24273, send time = 2026-10-03 23:33:35.582, handle time = 2026-10-03 23:33:35.582, trigger time = 2026-10-03 23:33:35.764, completeTime time = 2026-10-03 23:33:35.769, priority = High, task name = Promise, caller = [ohos_js_environment_impl.cpp(PostTaskToHandler:72)] }
 No. 9 : Event { send thread = 24297, send time = 2026-10-03 23:33:35.715, handle time = 2026-10-03 23:33:35.715, trigger time = 2026-10-03 23:33:35.769, completeTime time = 2026-10-03 23:33:35.771, priority = High, task name = ArkUIRosenWindowRenderServiceTask, caller = [task_runner_adapter_impl.cpp(PostTask:33)] }
 No. 10 : Event { send thread = 23897, send time = 2026-10-03 23:33:35.550, handle time = 2026-10-03 23:33:35.601, trigger time = 2026-10-03 23:33:35.772, completeTime time = 2026-10-03 23:33:35.773, priority = Low, task name = ArkUIIdleTask, caller = [task_runner_adapter_impl.cpp(PostDelayedTask:44)] }
 No. 11 : Event { send thread = 23897, send time = 2026-10-03 23:33:35.479, handle time = 2026-10-03 23:33:35.479, trigger time = 2026-10-03 23:33:35.773, completeTime time = 2026-10-03 23:33:35.773, priority = IDEL, task name = IdleTime:PostTask, caller = [idle_time.cpp(PostTask:114)] }
 No. 12 : Event { send thread = 23897, send time = 2026-10-03 23:33:35.773, handle time = 2026-10-03 23:33:35.773, trigger time = 2026-10-03 23:33:35.773, completeTime time = , priority = High, task name = vSyncTask, caller = [event_queue.cpp(HandleFileDescriptorEvent:313)] }
 No. 13 : Event { send thread = 23897, send time = 2026-10-03 23:33:30.375, handle time = 2026-10-03 23:33:30.375, trigger time = 2026-10-03 23:33:32.475, completeTime time = 2026-10-03 23:33:32.476, priority = IDEL, task name = IdleTime:PostTask, caller = [idle_time.cpp(PostTask:114)] }
 No. 14 : Event { send thread = 24521, send time = 2026-10-03 23:33:32.585, handle time = 2026-10-03 23:33:32.585, trigger time = 2026-10-03 23:33:32.585, completeTime time = 2026-10-03 23:33:32.586, priority = Low, task name = ArkUIAccessibilityStateChanged, caller = [task_runner_adapter_impl.cpp(PostTask:33)] }
 No. 15 : Event { send thread = 24521, send time = 2026-10-03 23:33:32.585, handle time = 2026-10-03 23:33:32.585, trigger time = 2026-10-03 23:33:32.586, completeTime time = 2026-10-03 23:33:32.586, priority = Low, task name = ArkUIAccessibilityStateChanged, caller = [task_runner_adapter_impl.cpp(PostTask:33)] }
 No. 16 : Event { send thread = 23897, send time = 2026-10-03 23:33:32.475, handle time = 2026-10-03 23:33:32.475, trigger time = 2026-10-03 23:33:32.586, completeTime time = 2026-10-03 23:33:32.587, priority = IDEL, task name = IdleTime:PostTask, caller = [idle_time.cpp(PostTask:114)] }
 No. 17 : Event { send thread = 24521, send time = 2026-10-03 23:33:32.603, handle time = 2026-10-03 23:33:32.603, trigger time = 2026-10-03 23:33:32.603, completeTime time = 2026-10-03 23:33:32.604, priority = Low, task name = ArkUIAccessibilityStateChanged, caller = [task_runner_adapter_impl.cpp(PostTask:33)] }
 No. 18 : Event { send thread = 23897, send time = 2026-10-03 23:33:32.586, handle time = 2026-10-03 23:33:32.586, trigger time = 2026-10-03 23:33:32.603, completeTime time = 2026-10-03 23:33:32.604, priority = IDEL, task name = IdleTime:PostTask, caller = [idle_time.cpp(PostTask:114)] }
 No. 19 : Event { send thread = 24521, send time = 2026-10-03 23:33:33.167, handle time = 2026-10-03 23:33:33.167, trigger time = 2026-10-03 23:33:33.167, completeTime time = 2026-10-03 23:33:33.168, priority = Low, task name = ArkUIAccessibilitySearchElementInfoById, caller = [task_runner_adapter_impl.cpp(PostTask:33)] }
 No. 20 : Event { send thread = 23897, send time = 2026-10-03 23:33:32.603, handle time = 2026-10-03 23:33:32.603, trigger time = 2026-10-03 23:33:33.168, completeTime time = 2026-10-03 23:33:33.169, priority = IDEL, task name = IdleTime:PostTask, caller = [idle_time.cpp(PostTask:114)] }
 No. 21 : Event { send thread = 24521, send time = 2026-10-03 23:33:33.186, handle time = 2026-10-03 23:33:33.186, trigger time = 2026-10-03 23:33:33.186, completeTime time = 2026-10-03 23:33:33.196, priority = Low, task name = ArkUIAccessibilitySearchElementInfoById, caller = [task_runner_adapter_impl.cpp(PostTask:33)] }
 No. 22 : Event { send thread = 23897, send time = 2026-10-03 23:33:33.169, handle time = 2026-10-03 23:33:33.169, trigger time = 2026-10-03 23:33:33.196, completeTime time = 2026-10-03 23:33:33.196, priority = IDEL, task name = IdleTime:PostTask, caller = [idle_time.cpp(PostTask:114)] }
 No. 23 : Event { send thread = 24268, send time = 2026-10-03 23:33:33.317, handle time = 2026-10-03 23:33:33.317, trigger time = 2026-10-03 23:33:33.317, completeTime time = 2026-10-03 23:33:33.317, priority = VIP, task name = vSyncTask, caller = [watchdog.cpp(Timer:249)] }
 No. 24 : Event { send thread = 23897, send time = 2026-10-03 23:33:33.196, handle time = 2026-10-03 23:33:33.196, trigger time = 2026-10-03 23:33:33.317, completeTime time = 2026-10-03 23:33:33.317, priority = IDEL, task name = IdleTime:PostTask, caller = [idle_time.cpp(PostTask:114)] }
 No. 25 : Event { send thread = 24521, send time = 2026-10-03 23:33:34.615, handle time = 2026-10-03 23:33:34.615, trigger time = 2026-10-03 23:33:34.615, completeTime time = 2026-10-03 23:33:34.616, priority = Low, task name = ArkUIAccessibilityStateChanged, caller = [task_runner_adapter_impl.cpp(PostTask:33)] }
 No. 26 : Event { send thread = 24521, send time = 2026-10-03 23:33:34.615, handle time = 2026-10-03 23:33:34.615, trigger time = 2026-10-03 23:33:34.616, completeTime time = 2026-10-03 23:33:34.617, priority = Low, task name = ArkUIAccessibilityStateChanged, caller = [task_runner_adapter_impl.cpp(PostTask:33)] }
 No. 27 : Event { send thread = 23897, send time = 2026-10-03 23:33:33.317, handle time = 2026-10-03 23:33:33.317, trigger time = 2026-10-03 23:33:34.617, completeTime time = 2026-10-03 23:33:34.617, priority = IDEL, task name = IdleTime:PostTask, caller = [idle_time.cpp(PostTask:114)] }
 No. 28 : Event { send thread = 24521, send time = 2026-10-03 23:33:34.663, handle time = 2026-10-03 23:33:34.663, trigger time = 2026-10-03 23:33:34.663, completeTime time = 2026-10-03 23:33:34.663, priority = Low, task name = ArkUIAccessibilityStateChanged, caller = [task_runner_adapter_impl.cpp(PostTask:33)] }
 No. 29 : Event { send thread = 23897, send time = 2026-10-03 23:33:34.616, handle time = 2026-10-03 23:33:34.616, trigger time = 2026-10-03 23:33:34.663, completeTime time = 2026-10-03 23:33:34.663, priority = IDEL, task name = IdleTime:PostTask, caller = [idle_time.cpp(PostTask:114)] }
 No. 30 : Event { send thread = 23897, send time = 2026-10-03 23:33:35.405, handle time = 2026-10-03 23:33:35.405, trigger time = 2026-10-03 23:33:35.406, completeTime time = 2026-10-03 23:33:35.438, priority = VIP, task name = MMITask, caller = [event_queue.cpp(HandleFileDescriptorEvent:313)] }
 No. 31 : Event { send thread = 23897, send time = 2026-10-03 23:33:34.663, handle time = 2026-10-03 23:33:34.663, trigger time = 2026-10-03 23:33:35.438, completeTime time = 2026-10-03 23:33:35.438, priority = IDEL, task name = IdleTime:PostTask, caller = [idle_time.cpp(PostTask:114)] }
 VIP priority event queue information:
 No.1 : Event { send thread = 24268, send time = 2026-10-03 23:33:36.318, handle time = 2026-10-03 23:33:36.318, id = 1, caller = [watchdog.cpp(Timer:249)] }
 No.2 : Event { send thread = 24268, send time = 2026-10-03 23:33:39.333, handle time = 2026-10-03 23:33:39.333, id = 1, caller = [watchdog.cpp(Timer:249)] }
 Total size of VIP events : 2
 Immediate priority event queue information:
 No.1 : Event { send thread = 24278, send time = 2026-10-03 23:33:35.781, handle time = 2026-10-03 23:33:35.781, task name = Flush, caller = [ohos_js_environment_impl.cpp(PostTaskToHandler:72)] }
 Total size of Immediate events : 1
 High priority event queue information:
 Total size of High events : 0
 Low priority event queue information:
 No.1 : Event { send thread = 23897, send time = 2026-10-03 23:33:35.822, handle time = 2026-10-03 23:33:35.822, task name = ArkUITextInitDataDetect, caller = [task_runner_adapter_impl.cpp(PostTask:33)] }
 No.2 : Event { send thread = 23897, send time = 2026-10-03 23:33:35.796, handle time = 2026-10-03 23:33:35.847, task name = ArkUIIdleTask, caller = [task_runner_adapter_impl.cpp(PostDelayedTask:44)] }
 No.3 : Event { send thread = 23897, send time = 2026-10-03 23:33:36.120, handle time = 2026-10-03 23:33:36.120, task name = ArkUITextInitDataDetect, caller = [task_runner_adapter_impl.cpp(PostTask:33)] }
 No.4 : Event { send thread = 23897, send time = 2026-10-03 23:33:36.121, handle time = 2026-10-03 23:33:36.121, task name = ArkUITextInitDataDetect, caller = [task_runner_adapter_impl.cpp(PostTask:33)] }
 No.5 : Event { send thread = 23897, send time = 2026-10-03 23:33:36.122, handle time = 2026-10-03 23:33:36.122, task name = ArkUITextInitDataDetect, caller = [task_runner_adapter_impl.cpp(PostTask:33)] }
 No.6 : Event { send thread = 23897, send time = 2026-10-03 23:33:36.123, handle time = 2026-10-03 23:33:36.123, task name = ArkUITextInitDataDetect, caller = [task_runner_adapter_impl.cpp(PostTask:33)] }
 No.7 : Event { send thread = 23897, send time = 2026-10-03 23:33:36.124, handle time = 2026-10-03 23:33:36.124, task name = ArkUITextInitDataDetect, caller = [task_runner_adapter_impl.cpp(PostTask:33)] }
 No.8 : Event { send thread = 23897, send time = 2026-10-03 23:33:36.186, handle time = 2026-10-03 23:33:36.186, task name = ArkUITextInitDataDetect, caller = [task_runner_adapter_impl.cpp(PostTask:33)] }
 No.9 : Event { send thread = 23897, send time = 2026-10-03 23:33:36.194, handle time = 2026-10-03 23:33:36.194, task name = ArkUITextInitDataDetect, caller = [task_runner_adapter_impl.cpp(PostTask:33)] }
 No.10 : Event { send thread = 23897, send time = 2026-10-03 23:33:36.200, handle time = 2026-10-03 23:33:36.200, task name = ArkUITextInitDataDetect, caller = [task_runner_adapter_impl.cpp(PostTask:33)] }
 No.11 : Event { send thread = 23897, send time = 2026-10-03 23:33:36.213, handle time = 2026-10-03 23:33:36.213, task name = ArkUITextInitDataDetect, caller = [task_runner_adapter_impl.cpp(PostTask:33)] }
 No.12 : Event { send thread = 23897, send time = 2026-10-03 23:33:36.223, handle time = 2026-10-03 23:33:36.223, task name = ArkUITextInitDataDetect, caller = [task_runner_adapter_impl.cpp(PostTask:33)] }
 No.13 : Event { send thread = 23897, send time = 2026-10-03 23:33:36.269, handle time = 2026-10-03 23:33:36.269, task name = ArkUITextInitDataDetect, caller = [task_runner_adapter_impl.cpp(PostTask:33)] }
 No.14 : Event { send thread = 23897, send time = 2026-10-03 23:33:36.284, handle time = 2026-10-03 23:33:36.284, task name = ArkUITextInitDataDetect, caller = [task_runner_adapter_impl.cpp(PostTask:33)] }
 No.15 : Event { send thread = 23897, send time = 2026-10-03 23:33:35.795, handle time = 2026-10-03 23:33:36.295, task name = ArkUIVsyncTimeoutCheck, caller = [task_runner_adapter_impl.cpp(PostDelayedTask:44)] }
 No.16 : Event { send thread = 23897, send time = 2026-10-03 23:33:36.306, handle time = 2026-10-03 23:33:36.306, task name = ArkUITextInitDataDetect, caller = [task_runner_adapter_impl.cpp(PostTask:33)] }
 No.17 : Event { send thread = 23897, send time = 2026-10-03 23:33:36.348, handle time = 2026-10-03 23:33:36.348, task name = ArkUITextInitDataDetect, caller = [task_runner_adapter_impl.cpp(PostTask:33)] }
 No.18 : Event { send thread = 23897, send time = 2026-10-03 23:33:36.381, handle time = 2026-10-03 23:33:36.381, task name = ArkUITextInitDataDetect, caller = [task_runner_adapter_impl.cpp(PostTask:33)] }
 No.19 : Event { send thread = 23897, send time = 2026-10-03 23:33:35.790, handle time = 2026-10-03 23:33:36.390, task name = vsync_time_out_task_102636833472513, caller = [vsync_station.cpp(RequestVsync:148)] }
 No.20 : Event { send thread = 23897, send time = 2026-10-03 23:33:36.400, handle time = 2026-10-03 23:33:36.400, task name = ArkUITextInitDataDetect, caller = [task_runner_adapter_impl.cpp(PostTask:33)] }
 No.21 : Event { send thread = 23897, send time = 2026-10-03 23:33:36.416, handle time = 2026-10-03 23:33:36.416, task name = ArkUITextInitDataDetect, caller = [task_runner_adapter_impl.cpp(PostTask:33)] }
 No.22 : Event { send thread = 23897, send time = 2026-10-03 23:33:36.453, handle time = 2026-10-03 23:33:36.453, task name = ArkUITextInitDataDetect, caller = [task_runner_adapter_impl.cpp(PostTask:33)] }
 No.23 : Event { send thread = 23897, send time = 2026-10-03 23:33:36.477, handle time = 2026-10-03 23:33:36.477, task name = ArkUITextInitDataDetect, caller = [task_runner_adapter_impl.cpp(PostTask:33)] }
 No.24 : Event { send thread = 23897, send time = 2026-10-03 23:33:36.507, handle time = 2026-10-03 23:33:36.507, task name = ArkUITextInitDataDetect, caller = [task_runner_adapter_impl.cpp(PostTask:33)] }
 No.25 : Event { send thread = 23897, send time = 2026-10-03 23:33:36.518, handle time = 2026-10-03 23:33:36.518, task name = ArkUITextInitDataDetect, caller = [task_runner_adapter_impl.cpp(PostTask:33)] }
 No.26 : Event { send thread = 23897, send time = 2026-10-03 23:33:36.564, handle time = 2026-10-03 23:33:36.564, task name = ArkUITextInitDataDetect, caller = [task_runner_adapter_impl.cpp(PostTask:33)] }
 No.27 : Event { send thread = 23897, send time = 2026-10-03 23:33:36.586, handle time = 2026-10-03 23:33:36.586, task name = ArkUITextInitDataDetect, caller = [task_runner_adapter_impl.cpp(PostTask:33)] }
 No.28 : Event { send thread = 23897, send time = 2026-10-03 23:33:36.648, handle time = 2026-10-03 23:33:36.648, task name = ArkUITextInitDataDetect, caller = [task_runner_adapter_impl.cpp(PostTask:33)] }
 No.29 : Event { send thread = 23897, send time = 2026-10-03 23:33:36.658, handle time = 2026-10-03 23:33:36.658, task name = ArkUITextInitDataDetect, caller = [task_runner_adapter_impl.cpp(PostTask:33)] }
 No.30 : Event { send thread = 23897, send time = 2026-10-03 23:33:36.674, handle time = 2026-10-03 23:33:36.674, task name = ArkUITextInitDataDetect, caller = [task_runner_adapter_impl.cpp(PostTask:33)] }
 No.31 : Event { send thread = 23897, send time = 2026-10-03 23:33:36.687, handle time = 2026-10-03 23:33:36.687, task name = ArkUITextInitDataDetect, caller = [task_runner_adapter_impl.cpp(PostTask:33)] }
 No.32 : Event { send thread = 23897, send time = 2026-10-03 23:33:36.700, handle time = 2026-10-03 23:33:36.700, task name = ArkUITextInitDataDetect, caller = [task_runner_adapter_impl.cpp(PostTask:33)] }
 No.33 : Event { send thread = 23897, send time = 2026-10-03 23:33:36.744, handle time = 2026-10-03 23:33:36.744, task name = ArkUITextInitDataDetect, caller = [task_runner_adapter_impl.cpp(PostTask:33)] }
 No.34 : Event { send thread = 23897, send time = 2026-10-03 23:33:36.770, handle time = 2026-10-03 23:33:36.770, task name = ArkUITextInitDataDetect, caller = [task_runner_adapter_impl.cpp(PostTask:33)] }
 No.35 : Event { send thread = 23897, send time = 2026-10-03 23:33:36.816, handle time = 2026-10-03 23:33:36.816, task name = ArkUITextInitDataDetect, caller = [task_runner_adapter_impl.cpp(PostTask:33)] }
 No.36 : Event { send thread = 23897, send time = 2026-10-03 23:33:36.946, handle time = 2026-10-03 23:33:36.946, task name = ArkUITextInitDataDetect, caller = [task_runner_adapter_impl.cpp(PostTask:33)] }
 No.37 : Event { send thread = 23897, send time = 2026-10-03 23:33:37.269, handle time = 2026-10-03 23:33:37.269, task name = ArkUITextInitDataDetect, caller = [task_runner_adapter_impl.cpp(PostTask:33)] }
 No.38 : Event { send thread = 23897, send time = 2026-10-03 23:33:37.362, handle time = 2026-10-03 23:33:37.362, task name = ArkUITextInitDataDetect, caller = [task_runner_adapter_impl.cpp(PostTask:33)] }
 No.39 : Event { send thread = 23897, send time = 2026-10-03 23:33:37.471, handle time = 2026-10-03 23:33:37.471, task name = ArkUITextInitDataDetect, caller = [task_runner_adapter_impl.cpp(PostTask:33)] }
 No.40 : Event { send thread = 23897, send time = 2026-10-03 23:33:37.532, handle time = 2026-10-03 23:33:37.532, task name = ArkUITextInitDataDetect, caller = [task_runner_adapter_impl.cpp(PostTask:33)] }
 No.41 : Event { send thread = 23897, send time = 2026-10-03 23:33:37.624, handle time = 2026-10-03 23:33:37.624, task name = ArkUITextInitDataDetect, caller = [task_runner_adapter_impl.cpp(PostTask:33)] }
 No.42 : Event { send thread = 23897, send time = 2026-10-03 23:33:37.865, handle time = 2026-10-03 23:33:37.865, task name = ArkUITextInitDataDetect, caller = [task_runner_adapter_impl.cpp(PostTask:33)] }
 No.43 : Event { send thread = 23897, send time = 2026-10-03 23:33:38.069, handle time = 2026-10-03 23:33:38.069, task name = ArkUITextInitDataDetect, caller = [task_runner_adapter_impl.cpp(PostTask:33)] }
 No.44 : Event { send thread = 23897, send time = 2026-10-03 23:33:38.155, handle time = 2026-10-03 23:33:38.155, task name = ArkUITextInitDataDetect, caller = [task_runner_adapter_impl.cpp(PostTask:33)] }
 No.45 : Event { send thread = 23897, send time = 2026-10-03 23:33:38.157, handle time = 2026-10-03 23:33:38.157, task name = ArkUITextInitDataDetect, caller = [task_runner_adapter_impl.cpp(PostTask:33)] }
 No.46 : Event { send thread = 23897, send time = 2026-10-03 23:33:38.160, handle time = 2026-10-03 23:33:38.160, task name = ArkUITextInitDataDetect, caller = [task_runner_adapter_impl.cpp(PostTask:33)] }
 No.47 : Event { send thread = 23897, send time = 2026-10-03 23:33:38.160, handle time = 2026-10-03 23:33:38.160, task name = ArkUITextInitDataDetect, caller = [task_runner_adapter_impl.cpp(PostTask:33)] }
 No.48 : Event { send thread = 23897, send time = 2026-10-03 23:33:38.162, handle time = 2026-10-03 23:33:38.162, task name = ArkUITextInitDataDetect, caller = [task_runner_adapter_impl.cpp(PostTask:33)] }
 No.49 : Event { send thread = 23897, send time = 2026-10-03 23:33:38.167, handle time = 2026-10-03 23:33:38.167, task name = ArkUITextInitDataDetect, caller = [task_runner_adapter_impl.cpp(PostTask:33)] }
 No.50 : Event { send thread = 23897, send time = 2026-10-03 23:33:38.169, handle time = 2026-10-03 23:33:38.169, task name = ArkUITextInitDataDetect, caller = [task_runner_adapter_impl.cpp(PostTask:33)] }
 No.51 : Event { send thread = 23897, send time = 2026-10-03 23:33:38.171, handle time = 2026-10-03 23:33:38.171, task name = ArkUITextInitDataDetect, caller = [task_runner_adapter_impl.cpp(PostTask:33)] }
 No.52 : Event { send thread = 23897, send time = 2026-10-03 23:33:38.306, handle time = 2026-10-03 23:33:38.306, task name = ArkUITextInitDataDetect, caller = [task_runner_adapter_impl.cpp(PostTask:33)] }
 No.53 : Event { send thread = 23897, send time = 2026-10-03 23:33:38.404, handle time = 2026-10-03 23:33:38.404, task name = ArkUITextInitDataDetect, caller = [task_runner_adapter_impl.cpp(PostTask:33)] }
 No.54 : Event { send thread = 23897, send time = 2026-10-03 23:33:38.554, handle time = 2026-10-03 23:33:38.554, task name = ArkUITextInitDataDetect, caller = [task_runner_adapter_impl.cpp(PostTask:33)] }
 No.55 : Event { send thread = 23897, send time = 2026-10-03 23:33:35.792, handle time = 2026-10-03 23:33:38.792, task name = ArkUIVsyncTimeoutCheck, caller = [task_runner_adapter_impl.cpp(PostDelayedTask:44)] }
 No.56 : Event { send thread = 23897, send time = 2026-10-03 23:33:39.176, handle time = 2026-10-03 23:33:41.175, task name = ArkUIScrollBarInnerDisappearAnimation, caller = [task_runner_adapter_impl.cpp(PostDelayedTask:44)] }
 Total size of Low events : 56
 Idle priority event queue information:
 No.1 : Event { send thread = 23897, send time = 2026-10-03 23:33:35.772, handle time = 2026-10-03 23:33:35.772, task name = IdleTime:PostTask, caller = [idle_time.cpp(PostTask:114)] }
 Total size of Idle events : 1
 Total event size : 60
Main handler dump end time: 2026-10-03 23:33:39.347

Catche stack trace start time: 2026-10-03 23:33:39.359

Failed to dump stacktrace for 23897
Reason:
normal stack:target process has been killed during dumping
kernel stack:unknown reason
Result: poll timeout.
Failed to access path(/proc/23897/status), errno(2).
Failed to access path(/proc/23897/wchan), errno(2).

Catche stack trace end time: 2026-10-03 23:33:39.976
PeerBinder pids is empty


---------------------------------------------------
FfrtCatcher -- start time: 2026/10/03-23:33:42:869

FfrtCatcher --

ffrt fump pid=23897:

-------------------------------[ability]-------------------------------


----------------------------------ApplicationManagerService----------------------------------
|-> Launcher proc ffrt, now:2026-10-03 23:33:42.947174 pid:23897
    |-> key status
no key status info
    |-> worker count
        qos 0: worker num:1 tid:24280
        qos 2: worker num:2 tid:24537, 24273
        qos 3: worker num:2 tid:24283, 24278
        qos 4: worker num:8 tid:24446, 24444, 24419, 24418, 24417, 24447, 24445, 24364
        qos 5: worker num:1 tid:24270
    |-> worker status
        qos 0: worker tid 24280 is running nothing
        qos 2: worker tid 24537 is running nothing
        qos 2: worker tid 24273 is running nothing
        qos 3: worker tid 24283 is running nothing
        qos 3: worker tid 24278 is running nothing
        qos 4: worker tid 24446 is running nothing
        qos 4: worker tid 24444 is running nothing
        qos 4: worker tid 24419 is running nothing
        qos 4: worker tid 24418 is running nothing
        qos 4: worker tid 24417 is running nothing
        qos 4: worker tid 24447 is running nothing
        qos 4: worker tid 24445 is running nothing
        qos 4: worker tid 24364 is running nothing
        qos 5: worker tid 24270 is running nothing
<<<=== Timeout Task Info ===>>>
Timeout info EmptyQueue Timeout info Empty<<<=== Queue Traffic Record ===>>>
Queue Traffic Record Empty

FfrtCatcher -- end time: 2026/10/03-23:33:42:959
---------------------------------------------------

---------------------------------------------------
catcher cmd: hilog -z 1000 -P start time: 2026/10/03-23:33:42:959

catcher cmd: hilog -z 1000 -P 
10-03 23:32:17.278 23897 23897 I A03d00/JSAPP: TOUCHMAP_AUDIO_ONSET ms=35 target=seed kind=label adapter=AudioRendererPCM
10-03 23:32:22.630 23897 23897 I A03d00/JSAPP: TOUCHMAP_AUDIO_ONSET ms=365 target=prism kind=label adapter=AudioRendererPCM
10-03 23:32:27.361 23897 23897 I A03d00/JSAPP: TOUCHMAP_AUDIO_ONSET ms=86 target=loom kind=label adapter=AudioRendererPCM
10-03 23:32:32.381 23897 23897 I A03d00/JSAPP: TOUCHMAP_AUDIO_ONSET ms=93 target=store kind=label adapter=AudioRendererPCM
10-03 23:32:37.424 23897 23897 I A03d00/JSAPP: TOUCHMAP_AUDIO_ONSET ms=121 target=ribbon kind=label adapter=AudioRendererPCM
10-03 23:32:52.408 23897 23897 I A03d00/JSAPP: TOUCHMAP_AUDIO_ONSET ms=75 target=seed kind=label adapter=AudioRendererPCM
10-03 23:32:57.434 23897 23897 I A03d00/JSAPP: TOUCHMAP_AUDIO_ONSET ms=92 target=prism kind=label adapter=AudioRendererPCM
10-03 23:33:02.432 23897 23897 I A03d00/JSAPP: TOUCHMAP_AUDIO_ONSET ms=78 target=loom kind=label adapter=AudioRendererPCM
10-03 23:33:07.504 23897 23897 I A03d00/JSAPP: TOUCHMAP_AUDIO_ONSET ms=93 target=store kind=label adapter=AudioRendererPCM
10-03 23:33:12.484 23897 23897 I A03d00/JSAPP: TOUCHMAP_AUDIO_ONSET ms=60 target=ribbon kind=label adapter=AudioRendererPCM
10-03 23:33:27.426 23897 24521 I C01d02/accessibility_asacfwk: [accessibility_system_ability_client_impl.cpp(NotifyStateChanged:709)]observers size is 2
10-03 23:33:27.426 23897 24521 I C01d10/accessibility_napi: [napi_accessibility_system_ability_client.cpp(OnStateChanged:1885)]
10-03 23:33:27.429 23897 24521 I C01d02/accessibility_asacfwk: [accessibility_system_ability_client_impl.cpp(NotifyStateChanged:709)]observers size is 0
10-03 23:33:27.429 23897 24521 I C01d02/accessibility_asacfwk: [accessibility_system_ability_client_impl.cpp(NotifyStateChanged:709)]observers size is 1
10-03 23:33:27.430 23897 24521 I C01d02/accessibility_asacfwk: [accessibility_system_ability_client_impl.cpp(NotifyStateChanged:709)]observers size is 0
10-03 23:33:27.435 23897 23897 I C01d02/accessibility_asacfwk: [accessibility_system_ability_client_impl.cpp(DeregisterElementOperator:471)]Deregister windowId[156] start
10-03 23:33:27.465 23897 23897 E C02701/IMiscdeviceServiceIdl: Read result failed, code is: 4.
10-03 23:33:27.466 23897 23897 E C02701/VibratorNDK: in CancelEnhanced StopVibrator failed, ret:-1
10-03 23:33:27.472 23897 24521 I C02b83/RendererInClientInnerPublic: [OnOperationHandled]sessionId 100004 recv operation:4 result:0.
10-03 23:33:27.474 23897 23897 W C01320/JsEnv: [source_map145]the stack without line info
10-03 23:33:27.478 23897 24521 I C01d02/accessibility_asacfwk: [accessibility_system_ability_client_impl.cpp(NotifyStateChanged:709)]observers size is 1
10-03 23:33:27.496 23897 24283 I C02b83/RendererInClientInnerPublic: [FlushAudioStream]Flush stream SUCCESS, sessionId: 100004
10-03 23:33:27.969 23897 23897 I C02d66/Hiview-PerfMonitor: ProcessJank: JankFrameMonitor::ProcessJank jank >= threshold
10-03 23:33:27.976 23897 23897 I C02d06/XCollie: success to submit start trace
10-03 23:33:27.976 23897 23897 I C02d06/XCollie: MainThread TraceCollector Start result: 0, Duration Time: 499 ms
10-03 23:33:28.003 23897 24521 I C02b83/RendererInClientInnerPublic: [OnOperationHandled]sessionId 100004 recv operation:4 result:0.
10-03 23:33:28.004 23897 23897 I C03913/AceText: [data_detector_adapter.cpp(52)-(100000:100000:scope)] Get AI entity menu from ai_engine
10-03 23:33:28.004 23897 23897 I C03913/AceText: [data_detector_adapter.cpp(52)-(100000:100000:scope)] Get AI entity menu from ai_engine
10-03 23:33:28.004 23897 23897 I C03913/AceText: [data_detector_adapter.cpp(52)-(100000:100000:scope)] Get AI entity menu from ai_engine
10-03 23:33:28.004 23897 23897 I C03913/AceText: [data_detector_adapter.cpp(52)-(100000:100000:scope)] Get AI entity menu from ai_engine
10-03 23:33:28.004 23897 23897 I C03913/AceText: [data_detector_adapter.cpp(52)-(100000:100000:scope)] Get AI entity menu from ai_engine
10-03 23:33:28.004 23897 23897 I C03913/AceText: [data_detector_adapter.cpp(52)-(100000:100000:scope)] Get AI entity menu from ai_engine
10-03 23:33:28.005 23897 23897 W C01400/Vsync: PrintRequestTs: recv vsync timeout, from:WM_23897, now:11771186773227, fromRsTs:11770703584488, timeInterval:483188739ns
10-03 23:33:28.018 23897 24278 I C02b83/RendererInClientInnerPublic: [FlushAudioStream]Flush stream SUCCESS, sessionId: 100004
10-03 23:33:28.028 23897 24283 I C02b83/RendererInClientInnerPublic: [SetVolume][normal]sessionId:100004 volume:0.800000
10-03 23:33:28.028 23897 24283 I C02b86/OHAudioBufferBase: [SetStreamVolume]streamVolume:0.800000
10-03 23:33:28.033 23897 24283 I P02b83/RendererInClientInner: [SetInnerVolume]volume: 0.800000
10-03 23:33:28.033 23897 24273 I C02d06/XCollie: Start to open trace result: 1203, interval: 58 ms
10-03 23:33:28.037 23897 24278 I C02b83/AudioRenderer: StreamClientState for Renderer::Start. id: 100004, streamType: 1, volume: 0.800000, interruptMode: 0
10-03 23:33:28.037 23897 24278 I C02b83/AudioRenderer: [Start]isVKB: F
10-03 23:33:28.038 23897 24297 E C01406/OHOS::RS: QueryEglBufferAge: eglQuerySurface is failed
10-03 23:33:28.041 23897 24278 I C02b83/AudioRenderer: [IsAllowedStartBackground]AVSession IsAudioPlaybackAllowed is: 1
10-03 23:33:28.041 23897 24278 I C02b83/AudioRenderer: [Start]VolumeInfo for Renderer::Start. duckVolume: 1.000000, isMute: 0
10-03 23:33:28.136 23897 24286 I C02b83/RendererInClientInnerPublic: [OnOperationHandled]sessionId 100004 recv operation:0 result:0.
10-03 23:33:28.140 23897 24278 I C02b83/RendererInClientInnerPublic: [StartAudioStream]Start SUCCESS, sessionId: 100004, uid: 20010042
10-03 23:33:28.262 23897 24278 I C02b83/RendererInClientInnerPublic: [SafeSendCallbackEvent]code: 0, data: 2
10-03 23:33:28.267 23897 24318 E C02b8b/NapiAudioRendererCallback: [OnStateChange]Cannot find the reference of stateChange callback
10-03 23:33:28.342 23897 23897 I A03d00/JSAPP: TOUCHMAP_AUDIO_ONSET ms=870 target=seed kind=label adapter=AudioRendererPCM
10-03 23:33:28.434 23897 24278 W C02b83/RendererInClientInner: [DfxWriteInterval][[100004]NormalRenderer] write interval too long cost 137
10-03 23:33:28.506 23897 24283 W C02b83/RendererInClientInner: [DfxWriteInterval][[100004]NormalRenderer] write interval too long cost 64
10-03 23:33:28.972 23897 23897 I C02d66/Hiview-PerfMonitor: ProcessJank: JankFrameMonitor::ProcessJank jank >= threshold
10-03 23:33:29.076 23897 24278 W C02b83/RendererInClientInner: [DfxWriteInterval][[100004]NormalRenderer] write interval too long cost 563
10-03 23:33:29.078 23897 23897 I C03913/AceText: [data_detector_adapter.cpp(52)-(100000:100000:scope)] Get AI entity menu from ai_engine
10-03 23:33:29.138 23897 24283 W C02b83/RendererInClientInner: [DfxWriteInterval][[100004]NormalRenderer] write interval too long cost 60
10-03 23:33:29.152 23897 23897 W C01400/Vsync: PrintRequestTs: recv vsync timeout, from:WM_23897, now:11772334584253, fromRsTs:11771852479288, timeInterval:482104965ns
10-03 23:33:29.172 23897 23897 I C02d66/Hiview-PerfMonitor: ProcessJank: JankFrameMonitor::ProcessJank jank >= threshold
10-03 23:33:29.240 23897 24278 W C02b83/RendererInClientInner: [DfxWriteInterval][[100004]NormalRenderer] write interval too long cost 100
10-03 23:33:29.320 23897 24278 W C02b83/RendererInClientInner: [DfxWriteInterval][[100004]NormalRenderer] write interval too long cost 61
10-03 23:33:29.492 23897 23897 I C02805/InputKeyFlow: [P:D:3340|648]recv
10-03 23:33:29.492 23897 23897 I C04213/InputKeyFlow: input_transfer_station.cpp HandleInputEvent: eid:44,InputId:3340,wid:156,ac:2
10-03 23:33:29.496 23897 23897 I C03951/InputKeyFlow: [event_manager.cpp(194)-(100000:100000:scope)] ITK Id:3340, TTHNI:fId: 10000{ T: Scroll, iId: main-scroll, R: RectT (0.00, 195.00) - [360.00 x 453.00], D: 6 };{ T: Button, iId: , R: RectT (22.00, 982.00) - [316.00 x 58.00], D: 12 };
10-03 23:33:29.496 23897 23897 I C03951/InputKeyFlow: [event_manager.cpp(339)-(100000:100000:scope)] ITK Id:3340, TTHRTI: T ClickRecognizer info: { T: Scroll, iId: main-scroll }; { T: Button, iId:  };T PanRecognizer info: { T: Scroll, iId: main-scroll };
10-03 23:33:29.497 23897 23897 I C03945/AceStateStyle: [state_style_manager.cpp(91)-(100000:100000:scope)] Handle TouchDown event node: Button/380
10-03 23:33:29.498 23897 23897 I C0394b/AceScrollBar: [scroll_bar.cpp(417)-(100000:100000:scope)] inner scrollBar touch down, panDirection: 0
10-03 23:33:29.498 23897 23897 I C03919/AceInputTracking: [event_manager.cpp(2244)-(100000:100000:scope)] Consumed id:3340, last id:3338
10-03 23:33:29.539 23897 24297 E C01406/OHOS::RS: QueryEglBufferAge: eglQuerySurface is failed
10-03 23:33:29.553 23897 24297 E C01406/OHOS::RS: QueryEglBufferAge: eglQuerySurface is failed
10-03 23:33:29.597 23897 24297 E C01406/OHOS::RS: QueryEglBufferAge: eglQuerySurface is failed
10-03 23:33:29.601 23897 23897 I C02805/InputKeyFlow: [P:U:3341|648]recv
10-03 23:33:29.601 23897 23897 I C04213/InputKeyFlow: input_transfer_station.cpp HandleInputEvent: eid:45,InputId:3341,wid:156,ac:4
10-03 23:33:29.603 23897 23897 E C02d66/XPERF_SERVICE: [CheckClientValid]: Failed to get SystemAbility[XPERF_SA_ID].
10-03 23:33:29.603 23897 23897 I C03934/AceUIEvent: [ressched_touch_optimizer.cpp(775)-(100000:100000:scope)] TpFlush end by up event
10-03 23:33:29.604 23897 23897 I C03945/AceStateStyle: [state_style_manager.cpp(115)-(100000:100000:scope)] Handle TouchUp or Cancel event node: Button/380
10-03 23:33:29.606 23897 23897 I C0391e/AceGesture: [click_recognizer.cpp(336)-(100000:100000:scope)] Click try accept Scroll
10-03 23:33:29.606 23897 23897 I C0390b/AceScrollable: [scrollable_event.cpp(159)-(100000:100000:scope)] Scrollable GestureJudge:0, 0
10-03 23:33:29.606 23897 23897 I C0391e/AceGesture: [click_recognizer.cpp(350)-(100000:100000:scope)] Click gesture judge reject
10-03 23:33:29.606 23897 23897 I C0391e/AceGesture: [click_recognizer.cpp(336)-(100000:100000:scope)] Click try accept Button
10-03 23:33:29.606 23897 23897 I C03951/InputKeyFlow: [click_recognizer.cpp(200)-(100000:100000:scope)] CLK RACC, T: Button
10-03 23:33:29.609 23897 23897 I C03919/AceInputTracking: [event_manager.cpp(2244)-(100000:100000:scope)] Consumed id:3341, last id:3338
10-03 23:33:29.637 23897 23897 I C03913/AceText: [data_detector_adapter.cpp(52)-(100000:100000:scope)] Get AI entity menu from ai_engine
10-03 23:33:29.640 23897 23897 I C03913/AceText: [data_detector_adapter.cpp(52)-(100000:100000:scope)] Get AI entity menu from ai_engine
10-03 23:33:29.640 23897 23897 I C03913/AceText: [data_detector_adapter.cpp(52)-(100000:100000:scope)] Get AI entity menu from ai_engine
10-03 23:33:29.640 23897 23897 I C03913/AceText: [data_detector_adapter.cpp(52)-(100000:100000:scope)] Get AI entity menu from ai_engine
10-03 23:33:29.640 23897 23897 I C03913/AceText: [data_detector_adapter.cpp(52)-(100000:100000:scope)] Get AI entity menu from ai_engine
10-03 23:33:29.640 23897 23897 I C03913/AceText: [data_detector_adapter.cpp(52)-(100000:100000:scope)] Get AI entity menu from ai_engine
10-03 23:33:29.645 23897 24283 W C02b82/AudioLogUtils: [ProcessVolumeData][[100004]RendererInClient] not slient 34frames change to slient
10-03 23:33:29.647 23897 24297 E C01406/OHOS::RS: RSRenderNodeDrawableAdapter::OnGenerate, node type 129 is not supported
10-03 23:33:29.647 23897 24297 E C01406/OHOS::RS: RSRenderNodeDrawableAdapter::OnGenerate, node type 129 is not supported
10-03 23:33:29.647 23897 24297 E C01406/OHOS::RS: RSRenderNodeDrawableAdapter::OnGenerate, node type 129 is not supported
10-03 23:33:29.647 23897 24297 E C01406/OHOS::RS: RSRenderNodeDrawableAdapter::OnGenerate, node type 129 is not supported
10-03 23:33:29.647 23897 24297 E C01406/OHOS::RS: RSRenderNodeDrawableAdapter::OnGenerate, node type 129 is not supported
10-03 23:33:29.647 23897 24297 E C01406/OHOS::RS: RSRenderNodeDrawableAdapter::OnGenerate, node type 129 is not supported
10-03 23:33:29.647 23897 24297 E C01406/OHOS::RS: RSRenderNodeDrawableAdapter::OnGenerate, node type 129 is not supported
10-03 23:33:29.647 23897 24297 E C01406/OHOS::RS: RSRenderNodeDrawableAdapter::OnGenerate, node type 129 is not supported
10-03 23:33:29.647 23897 24297 E C01406/OHOS::RS: RSRenderNodeDrawableAdapter::OnGenerate, node type 129 is not supported
10-03 23:33:29.647 23897 24297 E C01406/OHOS::RS: RSRenderNodeDrawableAdapter::OnGenerate, node type 129 is not supported
10-03 23:33:29.647 23897 24297 E C01406/OHOS::RS: RSRenderNodeDrawableAdapter::OnGenerate, node type 129 is not supported
10-03 23:33:29.647 23897 24297 E C01406/OHOS::RS: RSRenderNodeDrawableAdapter::OnGenerate, node type 129 is not supported
10-03 23:33:29.647 23897 24297 E C01406/OHOS::RS: RSRenderNodeDrawableAdapter::OnGenerate, node type 129 is not supported
10-03 23:33:29.647 23897 24297 E C01406/OHOS::RS: RSRenderNodeDrawableAdapter::OnGenerate, node type 129 is not supported
10-03 23:33:29.647 23897 24297 E C01406/OHOS::RS: RSRenderNodeDrawableAdapter::OnGenerate, node type 129 is not supported
10-03 23:33:29.647 23897 24297 E C01406/OHOS::RS: RSRenderNodeDrawableAdapter::OnGenerate, node type 129 is not supported
10-03 23:33:29.647 23897 24297 E C01406/OHOS::RS: RSRenderNodeDrawableAdapter::OnGenerate, node type 129 is not supported
10-03 23:33:29.647 23897 24297 E C01406/OHOS::RS: RSRenderNodeDrawableAdapter::OnGenerate, node type 129 is not supported
10-03 23:33:29.647 23897 24297 E C01406/OHOS::RS: RSRenderNodeDrawableAdapter::OnGenerate, node type 129 is not supported
10-03 23:33:29.647 23897 24297 E C01406/OHOS::RS: RSRenderNodeDrawableAdapter::OnGenerate, node type 129 is not supported
10-03 23:33:29.651 23897 24297 E C01406/OHOS::RS: QueryEglBufferAge: eglQuerySurface is failed
10-03 23:33:29.751 23897 24283 W C02b82/AudioLogUtils: [ProcessVolumeData][[100004]RendererInClient] slient 2frames change to not slient
10-03 23:33:29.752 23897 24278 I C02b83/RendererInClientInner: [DrainAudioStreamInner]stopFlag:0
10-03 23:33:29.758 23897 24521 I C02b83/RendererInClientInnerPublic: [OnOperationHandled]sessionId 100004 recv operation:5 result:0.
10-03 23:33:29.758 23897 24278 I C02b83/RendererInClientInner: [DrainAudioStreamInner]Drain stream SUCCESS, sessionId: 100004
10-03 23:33:29.763 23897 23897 E C02701/IMiscdeviceServiceIdl: Read result failed, code is: 4.
10-03 23:33:29.763 23897 23897 E C02701/VibratorNDK: in CancelEnhanced StopVibrator failed, ret:-1
10-03 23:33:29.764 23897 24283 I C02b83/AudioRenderer: StreamClientState for Renderer::Pause. id: 100004
10-03 23:33:29.764 23897 23897 W C01320/JsEnv: [source_map145]the stack without line info
10-03 23:33:29.782 23897 23897 I C03913/AceText: [data_detector_adapter.cpp(52)-(100000:100000:scope)] Get AI entity menu from ai_engine
10-03 23:33:29.796 23897 24297 E C01406/OHOS::RS: QueryEglBufferAge: eglQuerySurface is failed
10-03 23:33:29.826 23897 24521 I C02b83/RendererInClientInnerPublic: [OnOperationHandled]sessionId 100004 recv operation:1 result:0.
10-03 23:33:29.826 23897 24283 I C02b83/RendererInClientInnerPublic: [SafeSendCallbackEvent]code: 0, data: 5
10-03 23:33:29.826 23897 24283 I C02b83/RendererInClientInnerPublic: [PauseAudioStream]Pause SUCCESS, sessionId 100004, uid 20010042, mode RENDER_MODE_NORMAL
10-03 23:33:29.827 23897 24318 E C02b8b/NapiAudioRendererCallback: [OnStateChange]Cannot find the reference of stateChange callback
10-03 23:33:29.835 23897 24283 I C02b83/RendererInClientInnerPublic: [SetDuckVolume]sessionId:100004 SetDuck:1.000000
10-03 23:33:29.840 23897 24521 I C02b83/RendererInClientInnerPublic: [OnOperationHandled]sessionId 100004 recv operation:4 result:0.
10-03 23:33:29.844 23897 24278 I C02b83/RendererInClientInnerPublic: [FlushAudioStream]Flush stream SUCCESS, sessionId: 100004
10-03 23:33:29.847 23897 24521 I C02b83/RendererInClientInnerPublic: [OnOperationHandled]sessionId 100004 recv operation:4 result:0.
10-03 23:33:29.852 23897 24283 I C02b83/RendererInClientInnerPublic: [FlushAudioStream]Flush stream SUCCESS, sessionId: 100004
10-03 23:33:30.830 23897 24268 I C02d06/XCollie: success to submit dump trace
10-03 23:33:30.830 23897 24268 I C02d06/XCollie: Detect collect trace task complete.
10-03 23:33:30.830 23897 24273 I C02d06/XCollie: Start to dump trace failed, openTrace result: 1203
10-03 23:33:32.584 23897 24521 I C01d02/accessibility_asacfwk: [accessibility_system_ability_client_impl.cpp(NotifyStateChanged:709)]observers size is 2
10-03 23:33:32.584 23897 24521 I C01d10/accessibility_napi: [napi_accessibility_system_ability_client.cpp(OnStateChanged:1885)]
10-03 23:33:32.585 23897 24521 I C01d02/accessibility_asacfwk: [accessibility_system_ability_client_impl.cpp(NotifyStateChanged:709)]observers size is 0
10-03 23:33:32.585 23897 24521 I C01d02/accessibility_asacfwk: [accessibility_system_ability_client_impl.cpp(NotifyStateChanged:709)]observers size is 1
10-03 23:33:32.585 23897 24521 I C01d02/accessibility_asacfwk: [accessibility_system_ability_client_impl.cpp(NotifyStateChanged:709)]observers size is 0
10-03 23:33:32.585 23897 23897 I C01d02/accessibility_asacfwk: [accessibility_system_ability_client_impl.cpp(RegisterElementOperator:392)]Register windowId[156] start
10-03 23:33:32.602 23897 24521 I C01d02/accessibility_asacfwk: [accessibility_system_ability_client_impl.cpp(NotifyStateChanged:709)]observers size is 1
10-03 23:33:34.614 23897 24521 I C01d02/accessibility_asacfwk: [accessibility_system_ability_client_impl.cpp(NotifyStateChanged:709)]observers size is 2
10-03 23:33:34.614 23897 24521 I C01d10/accessibility_napi: [napi_accessibility_system_ability_client.cpp(OnStateChanged:1885)]
10-03 23:33:34.614 23897 24521 I C01d02/accessibility_asacfwk: [accessibility_system_ability_client_impl.cpp(NotifyStateChanged:709)]observers size is 0
10-03 23:33:34.614 23897 24521 I C01d02/accessibility_asacfwk: [accessibility_system_ability_client_impl.cpp(NotifyStateChanged:709)]observers size is 1
10-03 23:33:34.614 23897 24521 I C01d02/accessibility_asacfwk: [accessibility_system_ability_client_impl.cpp(NotifyStateChanged:709)]observers size is 0
10-03 23:33:34.615 23897 23897 I C01d02/accessibility_asacfwk: [accessibility_system_ability_client_impl.cpp(DeregisterElementOperator:471)]Deregister windowId[156] start
10-03 23:33:34.662 23897 24521 I C01d02/accessibility_asacfwk: [accessibility_system_ability_client_impl.cpp(NotifyStateChanged:709)]observers size is 1
10-03 23:33:35.407 23897 23897 I C02805/InputKeyFlow: [P:D:3342|648]recv
10-03 23:33:35.408 23897 23897 I C04213/InputKeyFlow: input_transfer_station.cpp HandleInputEvent: eid:46,InputId:3342,wid:156,ac:2
10-03 23:33:35.417 23897 23897 I C03951/InputKeyFlow: [event_manager.cpp(194)-(100000:100000:scope)] ITK Id:3342, TTHNI:fId: 10000{ T: Button, iId: nav-library, R: RectT (20.00, 0.00) - [160.00 x 49.00], D: 7 };
10-03 23:33:35.417 23897 23897 I C03951/InputKeyFlow: [event_manager.cpp(339)-(100000:100000:scope)] ITK Id:3342, TTHRTI: T ClickRecognizer info: { T: Button, iId: nav-library };
10-03 23:33:35.419 23897 23897 I C03945/AceStateStyle: [state_style_manager.cpp(91)-(100000:100000:scope)] Handle TouchDown event node: Button/14
10-03 23:33:35.437 23897 23897 I C03919/AceInputTracking: [event_manager.cpp(2244)-(100000:100000:scope)] Consumed id:3342, last id:3338
10-03 23:33:35.465 23897 24297 E C01406/OHOS::RS: QueryEglBufferAge: eglQuerySurface is failed
10-03 23:33:35.534 23897 23897 I C02805/InputKeyFlow: [P:U:3343|648]recv
10-03 23:33:35.535 23897 23897 I C04213/InputKeyFlow: input_transfer_station.cpp HandleInputEvent: eid:47,InputId:3343,wid:156,ac:4
10-03 23:33:35.537 23897 23897 E C02d66/XPERF_SERVICE: [CheckClientValid]: Failed to get SystemAbility[XPERF_SA_ID].
10-03 23:33:35.540 23897 23897 I C03934/AceUIEvent: [ressched_touch_optimizer.cpp(775)-(100000:100000:scope)] TpFlush end by up event
10-03 23:33:35.543 23897 23897 I C03945/AceStateStyle: [state_style_manager.cpp(115)-(100000:100000:scope)] Handle TouchUp or Cancel event node: Button/14
10-03 23:33:35.552 23897 23897 I C0391e/AceGesture: [click_recognizer.cpp(336)-(100000:100000:scope)] Click try accept Button
10-03 23:33:35.553 23897 23897 I C03951/InputKeyFlow: [click_recognizer.cpp(200)-(100000:100000:scope)] CLK RACC, T: Button
10-03 23:33:35.555 23897 24297 E C01406/OHOS::RS: QueryEglBufferAge: eglQuerySurface is failed
10-03 23:33:35.569 23897 23897 E C02701/IMiscdeviceServiceIdl: Read result failed, code is: 4.
10-03 23:33:35.570 23897 23897 E C02701/VibratorNDK: in CancelEnhanced StopVibrator failed, ret:-1
10-03 23:33:35.578 23897 23897 E C02701/IMiscdeviceServiceIdl: Read result failed, code is: 4.
10-03 23:33:35.579 23897 23897 E C02701/VibratorNDK: in CancelEnhanced StopVibrator failed, ret:-1
10-03 23:33:35.586 23897 23897 I C0390b/AceScrollable: [scroll_pattern.cpp(720)-(100000:100000:scope)] UpdateCurrentOffset==>[HandleCrashTop();]
10-03 23:33:35.612 23897 24521 I C02b83/RendererInClientInnerPublic: [OnOperationHandled]sessionId 100004 recv operation:4 result:0.
10-03 23:33:35.619 23897 23897 I C03919/AceInputTracking: [event_manager.cpp(2244)-(100000:100000:scope)] Consumed id:3343, last id:3338
10-03 23:33:35.628 23897 24297 E C01406/OHOS::RS: QueryEglBufferAge: eglQuerySurface is failed
10-03 23:33:35.646 23897 24283 I C02b83/RendererInClientInnerPublic: [FlushAudioStream]Flush stream SUCCESS, sessionId: 100004
10-03 23:33:35.762 23897 23897 W C01320/JsEnv: [source_map145]the stack without line info
10-03 23:33:35.763 23897 24521 I C02b83/RendererInClientInnerPublic: [OnOperationHandled]sessionId 100004 recv operation:4 result:0.
10-03 23:33:35.766 23897 23897 W C01320/JsEnv: [source_map145]the stack without line info
10-03 23:33:35.780 23897 24278 I C02b83/RendererInClientInnerPublic: [FlushAudioStream]Flush stream SUCCESS, sessionId: 100004
10-03 23:33:39.324 23897 24268 W C01310/AppDfr: [appfreeze_inner499]hisysevent write FREEZE_HALF_HIVIEW_LOG, pid:23897, packageName:, ret:0
10-03 23:33:39.338 23897 24268 I C01310/AppDfr: [appfreeze_inner345]start to sample freeze stack, eventName:THREAD_BLOCK_3S
10-03 23:33:39.340 23897 24268 W C01310/AppDfr: [appfreeze_inner377]submit reportAppFreeze, name:THREAD_BLOCK_3S, startTime:2026-10-03 23:33:39.339
10-03 23:33:39.343 23897 24283 I C01201/EventHandler: EventHandler start dumper!
10-03 23:33:39.343 23897 24268 E C02d06/XCollie: ThreadSampler initialize failed.
10-03 23:33:39.343 23897 24268 I C02d06/XCollie: Freeze collect stack task complete.
10-03 23:33:39.347 23897 24283 I C01201/EventHandler: EventHandler end dumper!
10-03 23:33:39.347 23897 24283 W C01310/AppDfr: [appfreeze_inner422]get mainhandler dump, eventName:THREAD_BLOCK_3S, endTime:2026-10-03 23:33:39.347, interval:5 ms
10-03 23:33:39.348 23897 24283 I C01310/AppDfr: [appfreeze_inner227]not to get application info
10-03 23:33:39.348 23897 24283 W C01310/AppDfr: [appfreeze_inner527]NotifyAppFault:THREAD_BLOCK_3S, pid:23897, bundleName:org.touchmap.app currentTime:2026-10-03 23:33:39.348, processExit:1 appfreezeInfo: enbleMainThreadSample:0.
10-03 23:33:39.349 23897 24283 I C01311/AppMS: [app_mgr_proxy1474]called
10-03 23:33:39.361 23897 24266 W C03f07/MUSL-SIGCHAIN: signal_chain_handler call 0 rd sigchain action for signal: 35 sca_sigaction=7f81f7f08e70 noreturn=0 FREEZE_signo_35 thread_list_lock_status:0 tl_lock_count=0 tl_lock_waiters=0 tl_lock_tid_fail=-1 tl_lock_count_tid=143 tl_lock_count_fail=-10000 tl_lock_count_tid_sub=143 thread_list_lock_after_lock=23897 thread_list_lock_pre_unlock=23897 thread_list_lock_pthread_exit=24867 thread_list_lock_tid_overlimit=-1 tl_lock_unlock_count=0 __pthread_gettid_np_tl_lock=0 __pthread_exit_tl_lock=0 __pthread_create_tl_lock=0 __pthread_key_delete_tl_lock=0 __synccall_tl_lock=0 __membarrier_tl_lock=0 install_new_tls_tl_lock=0 set_syscall_hooks_tl_lock=0 set_syscall_hooks_linux_tl_lock=0 fork_tl_lock=0 register_count=0 __custom_hook_flag=0g_dlcloseLockStatus=0g_dlcloseLockLastExitTid=24297
10-03 23:33:39.361 23897 24266 I C02d11/DfxSignalHandler: DFX_SignalHandler :: signo(35), si_code(-2), pid(23897), tid(24266).
10-03 23:33:39.361 23897 24266 I C02d11/DfxSignalHandler: DFX_SignalHandler :: signo(35), pid(23897), processName(org.touchmap.app), threadName(OS_IPC_0_24266).
10-03 23:33:40.567 23897 25092 W C057c1/IPCWorkThread: ThreadHandler: proto:0 policy:0 name:OS_IPC_4_25092 invoker:1266784
10-03 23:33:42.321 23897 24268 W C01310/AppDfr: [watchdog128]get hitrace id is invalid.
10-03 23:33:42.364 23897 24268 W C02d06/XCollie: get lastest freeze file: , interval: 11785545.
10-03 23:33:42.365 23897 24268 I C01310/AppDfr: [appfreeze_inner355]stop to sample freeze stack, eventName:THREAD_BLOCK_6S freezeFile: enbleMainThreadSample:0.
10-03 23:33:42.366 23897 24268 W C01310/AppDfr: [appfreeze_inner377]submit reportAppFreeze, name:THREAD_BLOCK_6S, startTime:2026-10-03 23:33:42.366
10-03 23:33:42.381 23897 24278 I C01201/EventHandler: EventHandler start dumper!
10-03 23:33:42.499 23897 24278 I C01201/EventHandler: EventHandler end dumper!
10-03 23:33:42.521 23897 24278 W C01310/AppDfr: [appfreeze_inner422]get mainhandler dump, eventName:THREAD_BLOCK_6S, endTime:2026-10-03 23:33:42.520, interval:140 ms
10-03 23:33:42.525 23897 24278 I C01310/AppDfr: [appfreeze_inner257]heap info: HEAP_TOTAL_SIZE:14155776,HEAP_OBJECT_SIZE:11939296, process lifeTime: PROCESS_LIFETIME:966s
10-03 23:33:42.677 23897 24278 W C01310/AppDfr: [appfreeze_inner527]NotifyAppFault:THREAD_BLOCK_6S, pid:23897, bundleName:org.touchmap.app currentTime:2026-10-03 23:33:42.677, processExit:1 appfreezeInfo: enbleMainThreadSample:0.
10-03 23:33:42.680 23897 24278 I C01311/AppMS: [app_mgr_proxy1474]called
10-03 23:33:42.757 23897 24267 W C03f07/MUSL-SIGCHAIN: signal_chain_handler call 0 rd sigchain action for signal: 35 sca_sigaction=7f81f7f08e70 noreturn=0 FREEZE_signo_35 thread_list_lock_status:0 tl_lock_count=0 tl_lock_waiters=0 tl_lock_tid_fail=-1 tl_lock_count_tid=143 tl_lock_count_fail=-10000 tl_lock_count_tid_sub=143 thread_list_lock_after_lock=24267 thread_list_lock_pre_unlock=24267 thread_list_lock_pthread_exit=24867 thread_list_lock_tid_overlimit=-1 tl_lock_unlock_count=0 __pthread_gettid_np_tl_lock=0 __pthread_exit_tl_lock=0 __pthread_create_tl_lock=0 __pthread_key_delete_tl_lock=0 __synccall_tl_lock=0 __membarrier_tl_lock=0 install_new_tls_tl_lock=0 set_syscall_hooks_tl_lock=0 set_syscall_hooks_linux_tl_lock=0 fork_tl_lock=0 register_count=0 __custom_hook_flag=0g_dlcloseLockStatus=0g_dlcloseLockLastExitTid=24297
10-03 23:33:42.757 23897 24267 I C02d11/DfxSignalHandler: DFX_SignalHandler :: signo(35), si_code(-2), pid(23897), tid(24267).
10-03 23:33:42.763 23897 24266 E C02d11/DfxSignalHandler: dummy exit with error(22)
10-03 23:33:42.763 23897 24266 E C02d11/DfxSignalHandler: start processdump fail
10-03 23:33:42.763 23897 24266 I C02d11/DfxSignalHandler: Finish handle signal(35) in 23897:24266.
10-03 23:33:42.763 23897 24266 W C03f07/MUSL-SIGCHAIN: signal_chain_handler call 0 rd sigchain action for signal: 35 directly return
10-03 23:33:42.763 23897 24267 I C02d11/DfxSignalHandler: DFX_SignalHandler :: signo(35), pid(23897), processName(org.touchmap.app), threadName(OS_IPC_1_24267).
10-03 23:33:42.762 23897 24278 I C01356/Recovery: [app_recovery189]begin
10-03 23:33:42.763 23897 24278 E C01356/Recovery: [app_recovery176]not enabled
10-03 23:33:42.763 23897 24278 I C01356/Recovery: [app_recovery269]scheduleRecoverApp  begin
10-03 23:33:42.796 23897 25096 W C057c1/IPCWorkThread: ThreadHandler: proto:0 policy:0 name:OS_IPC_5_25096 invoker:1271392
10-03 23:33:42.810 23897 23897 I C02d66/Hiview-PerfMonitor: ProcessJank: JankFrameMonitor::ProcessJank jank >= threshold
10-03 23:33:42.812 23897 24297 E C01406/OHOS::RS: RSRenderNodeDrawableAdapter::OnGenerate, node type 129 is not supported
10-03 23:33:42.812 23897 24297 E C01406/OHOS::RS: RSRenderNode::InitRenderParams failed
10-03 23:33:42.812 23897 24297 E C01406/OHOS::RS: RSRenderNodeDrawableAdapter::OnGenerate, node type 129 is not supported
10-03 23:33:42.812 23897 24297 E C01406/OHOS::RS: RSRenderNode::InitRenderParams failed
10-03 23:33:42.813 23897 24297 E C01406/OHOS::RS: RSRenderNodeDrawableAdapter::OnGenerate, node type 129 is not supported
10-03 23:33:42.813 23897 24297 E C01406/OHOS::RS: RSRenderNode::InitRenderParams failed
10-03 23:33:42.813 23897 24297 E C01406/OHOS::RS: RSRenderNodeDrawableAdapter::OnGenerate, node type 129 is not supported
10-03 23:33:42.813 23897 24297 E C01406/OHOS::RS: RSRenderNode::InitRenderParams failed
10-03 23:33:42.813 23897 24297 E C01406/OHOS::RS: RSRenderNodeDrawableAdapter::OnGenerate, node type 129 is not supported
10-03 23:33:42.813 23897 24297 E C01406/OHOS::RS: RSRenderNode::InitRenderParams failed
10-03 23:33:42.813 23897 24297 E C01406/OHOS::RS: RSRenderNodeDrawableAdapter::OnGenerate, node type 129 is not supported
10-03 23:33:42.813 23897 24297 E C01406/OHOS::RS: RSRenderNode::InitRenderParams failed
10-03 23:33:42.813 23897 24297 E C01406/OHOS::RS: RSRenderNodeDrawableAdapter::OnGenerate, node type 129 is not supported
10-03 23:33:42.813 23897 24297 E C01406/OHOS::RS: RSRenderNode::InitRenderParams failed
10-03 23:33:42.813 23897 24297 E C01406/OHOS::RS: RSRenderNodeDrawableAdapter::OnGenerate, node type 129 is not supported
10-03 23:33:42.813 23897 24297 E C01406/OHOS::RS: RSRenderNode::InitRenderParams failed
10-03 23:33:42.813 23897 23897 I C02d06/XCollie: BlockMonitor event name: vSyncTask, Duration Time: 7040 ms
10-03 23:33:42.814 23897 24297 E C01406/OHOS::RS: RSRenderNodeDrawableAdapter::OnGenerate, node type 129 is not supported
10-03 23:33:42.814 23897 24297 E C01406/OHOS::RS: RSRenderNode::InitRenderParams failed
10-03 23:33:42.814 23897 24297 E C01406/OHOS::RS: RSRenderNodeDrawableAdapter::OnGenerate, node type 129 is not supported
10-03 23:33:42.814 23897 24297 E C01406/OHOS::RS: RSRenderNode::InitRenderParams failed
10-03 23:33:42.814 23897 24297 E C01406/OHOS::RS: RSRenderNodeDrawableAdapter::OnGenerate, node type 129 is not supported
10-03 23:33:42.814 23897 24297 E C01406/OHOS::RS: RSRenderNode::InitRenderParams failed
10-03 23:33:42.814 23897 24297 E C01406/OHOS::RS: RSRenderNodeDrawableAdapter::OnGenerate, node type 129 is not supported
10-03 23:33:42.814 23897 24297 E C01406/OHOS::RS: RSRenderNode::InitRenderParams failed
10-03 23:33:42.814 23897 24297 E C01406/OHOS::RS: RSRenderNodeDrawableAdapter::OnGenerate, node type 129 is not supported
10-03 23:33:42.814 23897 24297 E C01406/OHOS::RS: RSRenderNode::InitRenderParams failed
10-03 23:33:42.814 23897 24297 E C01406/OHOS::RS: RSRenderNodeDrawableAdapter::OnGenerate, node type 129 is not supported
10-03 23:33:42.814 23897 24297 E C01406/OHOS::RS: RSRenderNode::InitRenderParams failed
10-03 23:33:42.815 23897 24297 E C01406/OHOS::RS: RSRenderNodeDrawableAdapter::OnGenerate, node type 129 is not supported
10-03 23:33:42.815 23897 24297 E C01406/OHOS::RS: RSRenderNode::InitRenderParams failed
10-03 23:33:42.815 23897 24297 E C01406/OHOS::RS: RSRenderNodeDrawableAdapter::OnGenerate, node type 129 is not supported
10-03 23:33:42.815 23897 24297 E C01406/OHOS::RS: RSRenderNode::InitRenderParams failed
10-03 23:33:42.815 23897 24297 E C01406/OHOS::RS: RSRenderNodeDrawableAdapter::OnGenerate, node type 129 is not supported
10-03 23:33:42.815 23897 24297 E C01406/OHOS::RS: RSRenderNode::InitRenderParams failed
10-03 23:33:42.815 23897 24297 E C01406/OHOS::RS: RSRenderNodeDrawableAdapter::OnGenerate, node type 129 is not supported
10-03 23:33:42.815 23897 24297 E C01406/OHOS::RS: RSRenderNode::InitRenderParams failed
10-03 23:33:42.815 23897 24297 E C01406/OHOS::RS: RSRenderNodeDrawableAdapter::OnGenerate, node type 129 is not supported
10-03 23:33:42.815 23897 24297 E C01406/OHOS::RS: RSRenderNode::InitRenderParams failed
10-03 23:33:42.815 23897 24297 E C01406/OHOS::RS: RSRenderNodeDrawableAdapter::OnGenerate, node type 129 is not supported
10-03 23:33:42.815 23897 24297 E C01406/OHOS::RS: RSRenderNode::InitRenderParams failed
10-03 23:33:42.815 23897 24297 E C01406/OHOS::RS: RSRenderNodeDrawableAdapter::OnGenerate, node type 129 is not supported
10-03 23:33:42.815 23897 24297 E C01406/OHOS::RS: RSRenderNode::InitRenderParams failed
10-03 23:33:42.815 23897 24297 E C01406/OHOS::RS: RSRenderNodeDrawableAdapter::OnGenerate, node type 129 is not supported
10-03 23:33:42.815 23897 24297 E C01406/OHOS::RS: RSRenderNode::InitRenderParams failed
10-03 23:33:42.816 23897 24297 E C01406/OHOS::RS: RSRenderNodeDrawableAdapter::OnGenerate, node type 129 is not supported
10-03 23:33:42.816 23897 24297 E C01406/OHOS::RS: RSRenderNode::InitRenderParams failed
10-03 23:33:42.816 23897 24297 E C01406/OHOS::RS: RSRenderNodeDrawableAdapter::OnGenerate, node type 129 is not supported
10-03 23:33:42.816 23897 24297 E C01406/OHOS::RS: RSRenderNode::InitRenderParams failed
10-03 23:33:42.816 23897 24297 E C01406/OHOS::RS: RSRenderNodeDrawableAdapter::OnGenerate, node type 129 is not supported
10-03 23:33:42.816 23897 24297 E C01406/OHOS::RS: RSRenderNode::InitRenderParams failed
10-03 23:33:42.816 23897 24297 E C01406/OHOS::RS: RSRenderNodeDrawableAdapter::OnGenerate, node type 129 is not supported
10-03 23:33:42.816 23897 24297 E C01406/OHOS::RS: RSRenderNode::InitRenderParams failed
10-03 23:33:42.816 23897 24297 E C01406/OHOS::RS: RSRenderNodeDrawableAdapter::OnGenerate, node type 129 is not supported
10-03 23:33:42.816 23897 24297 E C01406/OHOS::RS: RSRenderNode::InitRenderParams failed
10-03 23:33:42.816 23897 24297 E C01406/OHOS::RS: RSRenderNodeDrawableAdapter::OnGenerate, node type 129 is not supported
10-03 23:33:42.816 23897 24297 E C01406/OHOS::RS: RSRenderNode::InitRenderParams failed
10-03 23:33:42.817 23897 24297 E C01406/OHOS::RS: RSRenderNodeDrawableAdapter::OnGenerate, node type 129 is not supported
10-03 23:33:42.817 23897 24297 E C01406/OHOS::RS: RSRenderNode::InitRenderParams failed
10-03 23:33:42.817 23897 24297 E C01406/OHOS::RS: RSRenderNodeDrawableAdapter::OnGenerate, node type 129 is not supported
10-03 23:33:42.817 23897 24297 E C01406/OHOS::RS: RSRenderNode::InitRenderParams failed
10-03 23:33:42.817 23897 24297 E C01406/OHOS::RS: RSRenderNodeDrawableAdapter::OnGenerate, node type 129 is not supported
10-03 23:33:42.817 23897 24297 E C01406/OHOS::RS: RSRenderNode::InitRenderParams failed
10-03 23:33:42.817 23897 24297 E C01406/OHOS::RS: RSRenderNodeDrawableAdapter::OnGenerate, node type 129 is not supported
10-03 23:33:42.817 23897 24297 E C01406/OHOS::RS: RSRenderNode::InitRenderParams failed
10-03 23:33:42.817 23897 24297 E C01406/OHOS::RS: RSRenderNodeDrawableAdapter::OnGenerate, node type 129 is not supported
10-03 23:33:42.817 23897 24297 E C01406/OHOS::RS: RSRenderNode::InitRenderParams failed
10-03 23:33:42.817 23897 24297 E C01406/OHOS::RS: RSRenderNodeDrawableAdapter::OnGenerate, node type 129 is not supported
10-03 23:33:42.818 23897 24297 E C01406/OHOS::RS: RSRenderNode::InitRenderParams failed
10-03 23:33:42.818 23897 24297 E C01406/OHOS::RS: RSRenderNodeDrawableAdapter::OnGenerate, node type 129 is not supported
10-03 23:33:42.818 23897 24297 E C01406/OHOS::RS: RSRenderNode::InitRenderParams failed
10-03 23:33:42.818 23897 24297 E C01406/OHOS::RS: RSRenderNodeDrawableAdapter::OnGenerate, node type 129 is not supported
10-03 23:33:42.818 23897 24297 E C01406/OHOS::RS: RSRenderNode::InitRenderParams failed
10-03 23:33:42.818 23897 24297 E C01406/OHOS::RS: RSRenderNodeDrawableAdapter::OnGenerate, node type 129 is not supported
10-03 23:33:42.818 23897 24297 E C01406/OHOS::RS: RSRenderNode::InitRenderParams failed
10-03 23:33:42.818 23897 24297 E C01406/OHOS::RS: RSRenderNodeDrawableAdapter::OnGenerate, node type 129 is not supported
10-03 23:33:42.818 23897 24297 E C01406/OHOS::RS: RSRenderNode::InitRenderParams failed
10-03 23:33:42.818 23897 24297 E C01406/OHOS::RS: RSRenderNodeDrawableAdapter::OnGenerate, node type 129 is not supported
10-03 23:33:42.818 23897 24297 E C01406/OHOS::RS: RSRenderNode::InitRenderParams failed
10-03 23:33:42.818 23897 24297 E C01406/OHOS::RS: RSRenderNodeDrawableAdapter::OnGenerate, node type 129 is not supported
10-03 23:33:42.818 23897 24297 E C01406/OHOS::RS: RSRenderNode::InitRenderParams failed
10-03 23:33:42.819 23897 24297 E C01406/OHOS::RS: RSRenderNodeDrawableAdapter::OnGenerate, node type 129 is not supported
10-03 23:33:42.819 23897 24297 E C01406/OHOS::RS: RSRenderNode::InitRenderParams failed
10-03 23:33:42.819 23897 24297 E C01406/OHOS::RS: RSRenderNodeDrawableAdapter::OnGenerate, node type 129 is not supported
10-03 23:33:42.819 23897 24297 E C01406/OHOS::RS: RSRenderNode::InitRenderParams failed
10-03 23:33:42.819 23897 24297 E C01406/OHOS::RS: RSRenderNodeDrawableAdapter::OnGenerate, node type 129 is not supported
10-03 23:33:42.819 23897 24297 E C01406/OHOS::RS: RSRenderNode::InitRenderParams failed
10-03 23:33:42.819 23897 24297 E C01406/OHOS::RS: RSRenderNodeDrawableAdapter::OnGenerate, node type 129 is not supported
10-03 23:33:42.819 23897 24297 E C01406/OHOS::RS: RSRenderNode::InitRenderParams failed
10-03 23:33:42.819 23897 24297 E C01406/OHOS::RS: RSRenderNodeDrawableAdapter::OnGenerate, node type 129 is not supported
10-03 23:33:42.819 23897 24297 E C01406/OHOS::RS: RSRenderNode::InitRenderParams failed
10-03 23:33:42.819 23897 24297 E C01406/OHOS::RS: RSRenderNodeDrawableAdapter::OnGenerate, node type 129 is not supported
10-03 23:33:42.819 23897 24297 E C01406/OHOS::RS: RSRenderNode::InitRenderParams failed
10-03 23:33:42.819 23897 24297 E C01406/OHOS::RS: RSRenderNodeDrawableAdapter::OnGenerate, node type 129 is not supported
10-03 23:33:42.819 23897 24297 E C01406/OHOS::RS: RSRenderNode::InitRenderParams failed
10-03 23:33:42.819 23897 24297 E C01406/OHOS::RS: RSRenderNodeDrawableAdapter::OnGenerate, node type 129 is not supported
10-03 23:33:42.819 23897 24297 E C01406/OHOS::RS: RSRenderNode::InitRenderParams failed
10-03 23:33:42.819 23897 24297 E C01406/OHOS::RS: RSRenderNodeDrawableAdapter::OnGenerate, node type 129 is not supported
10-03 23:33:42.819 23897 24297 E C01406/OHOS::RS: RSRenderNode::InitRenderParams failed
10-03 23:33:42.820 23897 24297 E C01406/OHOS::RS: RSRenderNodeDrawableAdapter::OnGenerate, node type 129 is not supported
10-03 23:33:42.820 23897 24297 E C01406/OHOS::RS: RSRenderNode::InitRenderParams failed
10-03 23:33:42.820 23897 24297 E C01406/OHOS::RS: RSRenderNodeDrawableAdapter::OnGenerate, node type 129 is not supported
10-03 23:33:42.820 23897 24297 E C01406/OHOS::RS: RSRenderNode::InitRenderParams failed
10-03 23:33:42.820 23897 23897 I C03913/AceText: [data_detector_adapter.cpp(52)-(100000:100000:scope)] Get AI entity menu from ai_engine
10-03 23:33:42.820 23897 24297 E C01406/OHOS::RS: RSRenderNodeDrawableAdapter::OnGenerate, node type 129 is not supported
10-03 23:33:42.820 23897 24297 E C01406/OHOS::RS: RSRenderNode::InitRenderParams failed
10-03 23:33:42.820 23897 23897 I C03913/AceText: [data_detector_adapter.cpp(52)-(100000:100000:scope)] Get AI entity menu from ai_engine
10-03 23:33:42.820 23897 23897 I C03913/AceText: [data_detector_adapter.cpp(52)-(100000:100000:scope)] Get AI entity menu from ai_engine
10-03 23:33:42.820 23897 23897 I C03913/AceText: [data_detector_adapter.cpp(52)-(100000:100000:scope)] Get AI entity menu from ai_engine
10-03 23:33:42.820 23897 23897 I C03913/AceText: [data_detector_adapter.cpp(52)-(100000:100000:scope)] Get AI entity menu from ai_engine
10-03 23:33:42.820 23897 23897 I C03913/AceText: [data_detector_adapter.cpp(52)-(100000:100000:scope)] Get AI entity menu from ai_engine
10-03 23:33:42.821 23897 23897 I C03913/AceText: [data_detector_adapter.cpp(52)-(100000:100000:scope)] Get AI entity menu from ai_engine
10-03 23:33:42.821 23897 23897 I C03913/AceText: [data_detector_adapter.cpp(52)-(100000:100000:scope)] Get AI entity menu from ai_engine
10-03 23:33:42.821 23897 24297 E C01406/OHOS::RS: RSRenderNodeDrawableAdapter::OnGenerate, node type 129 is not supported
10-03 23:33:42.821 23897 24297 E C01406/OHOS::RS: RSRenderNode::InitRenderParams failed
10-03 23:33:42.821 23897 24297 E C01406/OHOS::RS: RSRenderNodeDrawableAdapter::OnGenerate, node type 129 is not supported
10-03 23:33:42.821 23897 24297 E C01406/OHOS::RS: RSRenderNode::InitRenderParams failed
10-03 23:33:42.821 23897 23897 I C03913/AceText: [data_detector_adapter.cpp(52)-(100000:100000:scope)] Get AI entity menu from ai_engine
10-03 23:33:42.821 23897 23897 I C03913/AceText: [data_detector_adapter.cpp(52)-(100000:100000:scope)] Get AI entity menu from ai_engine
10-03 23:33:42.821 23897 24297 E C01406/OHOS::RS: RSRenderNodeDrawableAdapter::OnGenerate, node type 129 is not supported
10-03 23:33:42.821 23897 24297 E C01406/OHOS::RS: RSRenderNode::InitRenderParams failed
10-03 23:33:42.821 23897 24297 E C01406/OHOS::RS: RSRenderNodeDrawableAdapter::OnGenerate, node type 129 is not supported
10-03 23:33:42.821 23897 24297 E C01406/OHOS::RS: RSRenderNode::InitRenderParams failed
10-03 23:33:42.821 23897 23897 I C03913/AceText: [data_detector_adapter.cpp(52)-(100000:100000:scope)] Get AI entity menu from ai_engine
10-03 23:33:42.821 23897 24297 E C01406/OHOS::RS: RSRenderNodeDrawableAdapter::OnGenerate, node type 129 is not supported
10-03 23:33:42.821 23897 24297 E C01406/OHOS::RS: RSRenderNode::InitRenderParams failed
10-03 23:33:42.822 23897 24297 E C01406/OHOS::RS: RSRenderNodeDrawableAdapter::OnGenerate, node type 129 is not supported
10-03 23:33:42.822 23897 24297 E C01406/OHOS::RS: RSRenderNode::InitRenderParams failed
10-03 23:33:42.822 23897 24297 E C01406/OHOS::RS: RSRenderNodeDrawableAdapter::OnGenerate, node type 129 is not supported
10-03 23:33:42.822 23897 24297 E C01406/OHOS::RS: RSRenderNode::InitRenderParams failed
10-03 23:33:42.822 23897 23897 I C03913/AceText: [data_detector_adapter.cpp(52)-(100000:100000:scope)] Get AI entity menu from ai_engine
10-03 23:33:42.822 23897 24297 E C01406/OHOS::RS: RSRenderNodeDrawableAdapter::OnGenerate, node type 129 is not supported
10-03 23:33:42.822 23897 24297 E C01406/OHOS::RS: RSRenderNode::InitRenderParams failed
10-03 23:33:42.822 23897 24297 E C01406/OHOS::RS: RSRenderNodeDrawableAdapter::OnGenerate, node type 129 is not supported
10-03 23:33:42.822 23897 24297 E C01406/OHOS::RS: RSRenderNode::InitRenderParams failed
10-03 23:33:42.822 23897 24297 E C01406/OHOS::RS: RSRenderNodeDrawableAdapter::OnGenerate, node type 129 is not supported
10-03 23:33:42.822 23897 24297 E C01406/OHOS::RS: RSRenderNode::InitRenderParams failed
10-03 23:33:42.822 23897 24297 E C01406/OHOS::RS: RSRenderNodeDrawableAdapter::OnGenerate, node type 129 is not supported
10-03 23:33:42.822 23897 24297 E C01406/OHOS::RS: RSRenderNode::InitRenderParams failed
10-03 23:33:42.822 23897 24297 E C01406/OHOS::RS: RSRenderNodeDrawableAdapter::OnGenerate, node type 129 is not supported
10-03 23:33:42.822 23897 24297 E C01406/OHOS::RS: RSRenderNode::InitRenderParams failed
10-03 23:33:42.822 23897 24297 E C01406/OHOS::RS: RSRenderNodeDrawableAdapter::OnGenerate, node type 129 is not supported
10-03 23:33:42.822 23897 24297 E C01406/OHOS::RS: RSRenderNode::InitRenderParams failed
10-03 23:33:42.822 23897 25096 I C02b83/RendererInClientInnerPublic: [OnOperationHandled]sessionId 100004 recv operation:4 result:0.
10-03 23:33:42.822 23897 24297 E C01406/OHOS::RS: RSRenderNodeDrawableAdapter::OnGenerate, node type 129 is not supported
10-03 23:33:42.822 23897 24297 E C01406/OHOS::RS: RSRenderNode::InitRenderParams failed
10-03 23:33:42.822 23897 24297 E C01406/OHOS::RS: RSRenderNodeDrawableAdapter::OnGenerate, node type 129 is not supported
10-03 23:33:42.822 23897 24297 E C01406/OHOS::RS: RSRenderNode::InitRenderParams failed
10-03 23:33:42.822 23897 24297 E C01406/OHOS::RS: RSRenderNodeDrawableAdapter::OnGenerate, node type 129 is not supported
10-03 23:33:42.822 23897 24297 E C01406/OHOS::RS: RSRenderNode::InitRenderParams failed
10-03 23:33:42.822 23897 24297 E C01406/OHOS::RS: RSRenderNodeDrawableAdapter::OnGenerate, node type 129 is not supported
10-03 23:33:42.822 23897 24297 E C01406/OHOS::RS: RSRenderNode::InitRenderParams failed
10-03 23:33:42.822 23897 24297 E C01406/OHOS::RS: RSRenderNodeDrawableAdapter::OnGenerate, node type 129 is not supported
10-03 23:33:42.822 23897 24297 E C01406/OHOS::RS: RSRenderNode::InitRenderParams failed
10-03 23:33:42.823 23897 24297 E C01406/OHOS::RS: RSRenderNodeDrawableAdapter::OnGenerate, node type 129 is not supported
10-03 23:33:42.823 23897 24297 E C01406/OHOS::RS: RSRenderNode::InitRenderParams failed
10-03 23:33:42.823 23897 24297 E C01406/OHOS::RS: RSRenderNodeDrawableAdapter::OnGenerate, node type 129 is not supported
10-03 23:33:42.823 23897 24297 E C01406/OHOS::RS: RSRenderNode::InitRenderParams failed
10-03 23:33:42.823 23897 24297 E C01406/OHOS::RS: RSRenderNodeDrawableAdapter::OnGenerate, node type 129 is not supported
10-03 23:33:42.823 23897 24297 E C01406/OHOS::RS: RSRenderNode::InitRenderParams failed
10-03 23:33:42.823 23897 23897 I C03913/AceText: [data_detector_adapter.cpp(52)-(100000:100000:scope)] Get AI entity menu from ai_engine
10-03 23:33:42.823 23897 23897 I C03913/AceText: [data_detector_adapter.cpp(52)-(100000:100000:scope)] Get AI entity menu from ai_engine
10-03 23:33:42.823 23897 23897 I C03913/AceText: [data_detector_adapter.cpp(52)-(100000:100000:scope)] Get AI entity menu from ai_engine
10-03 23:33:42.823 23897 24297 E C01406/OHOS::RS: RSRenderNodeDrawableAdapter::OnGenerate, node type 129 is not supported
10-03 23:33:42.823 23897 24297 E C01406/OHOS::RS: RSRenderNode::InitRenderParams failed
10-03 23:33:42.823 23897 24297 E C01406/OHOS::RS: RSRenderNodeDrawableAdapter::OnGenerate, node type 129 is not supported
10-03 23:33:42.823 23897 24297 E C01406/OHOS::RS: RSRenderNode::InitRenderParams failed
10-03 23:33:42.823 23897 24297 E C01406/OHOS::RS: RSRenderNodeDrawableAdapter::OnGenerate, node type 129 is not supported
10-03 23:33:42.823 23897 24297 E C01406/OHOS::RS: RSRenderNode::InitRenderParams failed
10-03 23:33:42.824 23897 23897 I C03913/AceText: [data_detector_adapter.cpp(52)-(100000:100000:scope)] Get AI entity menu from ai_engine
10-03 23:33:42.824 23897 24297 E C01406/OHOS::RS: RSRenderNodeDrawableAdapter::OnGenerate, node type 129 is not supported
10-03 23:33:42.824 23897 24297 E C01406/OHOS::RS: RSRenderNode::InitRenderParams failed
10-03 23:33:42.824 23897 24297 E C01406/OHOS::RS: RSRenderNodeDrawableAdapter::OnGenerate, node type 129 is not supported
10-03 23:33:42.824 23897 24297 E C01406/OHOS::RS: RSRenderNode::InitRenderParams failed
10-03 23:33:42.824 23897 24297 E C01406/OHOS::RS: RSRenderNodeDrawableAdapter::OnGenerate, node type 129 is not supported
10-03 23:33:42.824 23897 24297 E C01406/OHOS::RS: RSRenderNode::InitRenderParams failed
10-03 23:33:42.824 23897 24297 E C01406/OHOS::RS: RSRenderNodeDrawableAdapter::OnGenerate, node type 129 is not supported
10-03 23:33:42.824 23897 24297 E C01406/OHOS::RS: RSRenderNode::InitRenderParams failed
10-03 23:33:42.824 23897 24297 E C01406/OHOS::RS: RSRenderNodeDrawableAdapter::OnGenerate, node type 129 is not supported
10-03 23:33:42.824 23897 24297 E C01406/OHOS::RS: RSRenderNode::InitRenderParams failed
10-03 23:33:42.824 23897 24297 E C01406/OHOS::RS: RSRenderNodeDrawableAdapter::OnGenerate, node type 129 is not supported
10-03 23:33:42.824 23897 24297 E C01406/OHOS::RS: RSRenderNode::InitRenderParams failed
10-03 23:33:42.824 23897 24297 E C01406/OHOS::RS: RSRenderNodeDrawableAdapter::OnGenerate, node type 129 is not supported
10-03 23:33:42.824 23897 24297 E C01406/OHOS::RS: RSRenderNode::InitRenderParams failed
10-03 23:33:42.824 23897 24297 E C01406/OHOS::RS: RSRenderNodeDrawableAdapter::OnGenerate, node type 129 is not supported
10-03 23:33:42.824 23897 24297 E C01406/OHOS::RS: RSRenderNode::InitRenderParams failed
10-03 23:33:42.824 23897 24297 E C01406/OHOS::RS: RSRenderNodeDrawableAdapter::OnGenerate, node type 129 is not supported
10-03 23:33:42.824 23897 24297 E C01406/OHOS::RS: RSRenderNode::InitRenderParams failed
10-03 23:33:42.824 23897 24297 E C01406/OHOS::RS: RSRenderNodeDrawableAdapter::OnGenerate, node type 129 is not supported
10-03 23:33:42.824 23897 24297 E C01406/OHOS::RS: RSRenderNode::InitRenderParams failed
10-03 23:33:42.824 23897 24297 E C01406/OHOS::RS: RSRenderNodeDrawableAdapter::OnGenerate, node type 129 is not supported
10-03 23:33:42.824 23897 24297 E C01406/OHOS::RS: RSRenderNode::InitRenderParams failed
10-03 23:33:42.824 23897 24297 E C01406/OHOS::RS: RSRenderNodeDrawableAdapter::OnGenerate, node type 129 is not supported
10-03 23:33:42.824 23897 24297 E C01406/OHOS::RS: RSRenderNode::InitRenderParams failed
10-03 23:33:42.825 23897 23897 W C04202/WMSMain: vsync_station.cpp OnVsyncTimeOut: in
10-03 23:33:42.825 23897 23897 I C03913/AceText: [data_detector_adapter.cpp(52)-(100000:100000:scope)] Get AI entity menu from ai_engine
10-03 23:33:42.826 23897 23897 I C03913/AceText: [data_detector_adapter.cpp(52)-(100000:100000:scope)] Get AI entity menu from ai_engine
10-03 23:33:42.827 23897 23897 I C03913/AceText: [data_detector_adapter.cpp(52)-(100000:100000:scope)] Get AI entity menu from ai_engine
10-03 23:33:42.827 23897 23897 I C03913/AceText: [data_detector_adapter.cpp(52)-(100000:100000:scope)] Get AI entity menu from ai_engine
10-03 23:33:42.828 23897 24283 I C02b83/RendererInClientInnerPublic: [FlushAudioStream]Flush stream SUCCESS, sessionId: 100004
10-03 23:33:42.828 23897 23897 I C03913/AceText: [data_detector_adapter.cpp(52)-(100000:100000:scope)] Get AI entity menu from ai_engine
10-03 23:33:42.830 23897 23897 I C03913/AceText: [data_detector_adapter.cpp(52)-(100000:100000:scope)] Get AI entity menu from ai_engine
10-03 23:33:42.830 23897 23897 I C03913/AceText: [data_detector_adapter.cpp(52)-(100000:100000:scope)] Get AI entity menu from ai_engine
10-03 23:33:42.830 23897 23897 I C03913/AceText: [data_detector_adapter.cpp(52)-(100000:100000:scope)] Get AI entity menu from ai_engine
10-03 23:33:42.831 23897 23897 I C03913/AceText: [data_detector_adapter.cpp(52)-(100000:100000:scope)] Get AI entity menu from ai_engine
10-03 23:33:42.832 23897 25092 I C02b83/RendererInClientInnerPublic: [OnOperationHandled]sessionId 100004 recv operation:4 result:0.
10-03 23:33:42.832 23897 23897 I C03913/AceText: [data_detector_adapter.cpp(52)-(100000:100000:scope)] Get AI entity menu from ai_engine
10-03 23:33:42.834 23897 23897 I C03913/AceText: [data_detector_adapter.cpp(52)-(100000:100000:scope)] Get AI entity menu from ai_engine
10-03 23:33:42.844 23897 23897 I C03913/AceText: [data_detector_adapter.cpp(52)-(100000:100000:scope)] Get AI entity menu from ai_engine
10-03 23:33:42.845 23897 24278 I C02b83/RendererInClientInnerPublic: [FlushAudioStream]Flush stream SUCCESS, sessionId: 100004
10-03 23:33:42.848 23897 23897 I C03913/AceText: [data_detector_adapter.cpp(52)-(100000:100000:scope)] Get AI entity menu from ai_engine
10-03 23:33:42.850 23897 23897 I C03913/AceText: [data_detector_adapter.cpp(52)-(100000:100000:scope)] Get AI entity menu from ai_engine
10-03 23:33:42.850 23897 23897 I C03913/AceText: [data_detector_adapter.cpp(52)-(100000:100000:scope)] Get AI entity menu from ai_engine
10-03 23:33:42.851 23897 23897 I C03913/AceText: [data_detector_adapter.cpp(52)-(100000:100000:scope)] Get AI entity menu from ai_engine
10-03 23:33:42.851 23897 23897 I C03913/AceText: [data_detector_adapter.cpp(52)-(100000:100000:scope)] Get AI entity menu from ai_engine
10-03 23:33:42.852 23897 23897 I C03913/AceText: [data_detector_adapter.cpp(52)-(100000:100000:scope)] Get AI entity menu from ai_engine
10-03 23:33:42.852 23897 23897 I C03913/AceText: [data_detector_adapter.cpp(52)-(100000:100000:scope)] Get AI entity menu from ai_engine
10-03 23:33:42.853 23897 23897 I C03913/AceText: [data_detector_adapter.cpp(52)-(100000:100000:scope)] Get AI entity menu from ai_engine
10-03 23:33:42.853 23897 23897 I C03913/AceText: [data_detector_adapter.cpp(52)-(100000:100000:scope)] Get AI entity menu from ai_engine
10-03 23:33:42.853 23897 23897 I C03913/AceText: [data_detector_adapter.cpp(52)-(100000:100000:scope)] Get AI entity menu from ai_engine
10-03 23:33:42.853 23897 23897 I C03913/AceText: [data_detector_adapter.cpp(52)-(100000:100000:scope)] Get AI entity menu from ai_engine
10-03 23:33:42.853 23897 23897 I C03913/AceText: [data_detector_adapter.cpp(52)-(100000:100000:scope)] Get AI entity menu from ai_engine
10-03 23:33:42.853 23897 23897 I C03913/AceText: [data_detector_adapter.cpp(52)-(100000:100000:scope)] Get AI entity menu from ai_engine
10-03 23:33:42.854 23897 23897 I C03913/AceText: [data_detector_adapter.cpp(52)-(100000:100000:scope)] Get AI entity menu from ai_engine
10-03 23:33:42.855 23897 24297 E C01406/OHOS::RS: RSRenderNodeDrawableAdapter::OnGenerate, node type 129 is not supported
10-03 23:33:42.855 23897 24297 E C01406/OHOS::RS: RSRenderNodeDrawableAdapter::OnGenerate, node type 129 is not supported
10-03 23:33:42.855 23897 24297 E C01406/OHOS::RS: RSRenderNodeDrawableAdapter::OnGenerate, node type 129 is not supported
10-03 23:33:42.855 23897 24297 E C01406/OHOS::RS: RSRenderNodeDrawableAdapter::OnGenerate, node type 129 is not supported
10-03 23:33:42.855 23897 24297 E C01406/OHOS::RS: RSRenderNodeDrawableAdapter::OnGenerate, node type 129 is not supported
10-03 23:33:42.855 23897 24297 E C01406/OHOS::RS: RSRenderNodeDrawableAdapter::OnGenerate, node type 129 is not supported
10-03 23:33:42.855 23897 24297 E C01406/OHOS::RS: RSRenderNodeDrawableAdapter::OnGenerate, node type 129 is not supported
10-03 23:33:42.855 23897 24297 E C01406/OHOS::RS: RSRenderNodeDrawableAdapter::OnGenerate, node type 129 is not supported
10-03 23:33:42.855 23897 24297 E C01406/OHOS::RS: RSRenderNodeDrawableAdapter::OnGenerate, node type 129 is not supported
10-03 23:33:42.855 23897 24297 E C01406/OHOS::RS: RSRenderNodeDrawableAdapter::OnGenerate, node type 129 is not supported
10-03 23:33:42.855 23897 24297 E C01406/OHOS::RS: RSRenderNodeDrawableAdapter::OnGenerate, node type 129 is not supported
10-03 23:33:42.855 23897 24297 E C01406/OHOS::RS: RSRenderNodeDrawableAdapter::OnGenerate, node type 129 is not supported
10-03 23:33:42.855 23897 24297 E C01406/OHOS::RS: RSRenderNodeDrawableAdapter::OnGenerate, node type 129 is not supported
10-03 23:33:42.855 23897 24297 E C01406/OHOS::RS: RSRenderNodeDrawableAdapter::OnGenerate, node type 129 is not supported
10-03 23:33:42.856 23897 24297 E C01406/OHOS::RS: RSRenderNodeDrawableAdapter::OnGenerate, node type 129 is not supported
10-03 23:33:42.856 23897 24297 E C01406/OHOS::RS: RSRenderNodeDrawableAdapter::OnGenerate, node type 129 is not supported
10-03 23:33:42.856 23897 24297 E C01406/OHOS::RS: RSRenderNodeDrawableAdapter::OnGenerate, node type 129 is not supported
10-03 23:33:42.856 23897 24297 E C01406/OHOS::RS: RSRenderNodeDrawableAdapter::OnGenerate, node type 129 is not supported
10-03 23:33:42.856 23897 24297 E C01406/OHOS::RS: RSRenderNodeDrawableAdapter::OnGenerate, node type 129 is not supported
10-03 23:33:42.856 23897 24297 E C01406/OHOS::RS: RSRenderNodeDrawableAdapter::OnGenerate, node type 129 is not supported
10-03 23:33:42.856 23897 24297 E C01406/OHOS::RS: RSRenderNodeDrawableAdapter::OnGenerate, node type 129 is not supported
10-03 23:33:42.856 23897 24297 E C01406/OHOS::RS: RSRenderNodeDrawableAdapter::OnGenerate, node type 129 is not supported
10-03 23:33:42.856 23897 24297 E C01406/OHOS::RS: RSRenderNodeDrawableAdapter::OnGenerate, node type 129 is not supported
10-03 23:33:42.857 23897 24297 E C01406/OHOS::RS: RSRenderNodeDrawableAdapter::OnGenerate, node type 129 is not supported
10-03 23:33:42.858 23897 23897 I C03913/AceText: [data_detector_adapter.cpp(52)-(100000:100000:scope)] Get AI entity menu from ai_engine
10-03 23:33:42.858 23897 23897 I C03913/AceText: [data_detector_adapter.cpp(52)-(100000:100000:scope)] Get AI entity menu from ai_engine
10-03 23:33:42.858 23897 24297 E C01406/OHOS::RS: RSRenderNodeDrawableAdapter::OnGenerate, node type 129 is not supported
10-03 23:33:42.858 23897 24297 E C01406/OHOS::RS: RSRenderNodeDrawableAdapter::OnGenerate, node type 129 is not supported
10-03 23:33:42.858 23897 24297 E C01406/OHOS::RS: RSRenderNodeDrawableAdapter::OnGenerate, node type 129 is not supported
10-03 23:33:42.859 23897 23897 I C03913/AceText: [data_detector_adapter.cpp(52)-(100000:100000:scope)] Get AI entity menu from ai_engine
10-03 23:33:42.859 23897 23897 I C03913/AceText: [data_detector_adapter.cpp(52)-(100000:100000:scope)] Get AI entity menu from ai_engine
10-03 23:33:42.859 23897 23897 I C03913/AceText: [data_detector_adapter.cpp(52)-(100000:100000:scope)] Get AI entity menu from ai_engine
10-03 23:33:42.859 23897 23897 I C03913/AceText: [data_detector_adapter.cpp(52)-(100000:100000:scope)] Get AI entity menu from ai_engine
10-03 23:33:42.859 23897 24297 E C01406/OHOS::RS: RSRenderNodeDrawableAdapter::OnGenerate, node type 129 is not supported
10-03 23:33:42.859 23897 23897 I C03913/AceText: [data_detector_adapter.cpp(52)-(100000:100000:scope)] Get AI entity menu from ai_engine
10-03 23:33:42.859 23897 23897 I C03913/AceText: [data_detector_adapter.cpp(52)-(100000:100000:scope)] Get AI entity menu from ai_engine
10-03 23:33:42.859 23897 24297 E C01406/OHOS::RS: RSRenderNodeDrawableAdapter::OnGenerate, node type 129 is not supported
10-03 23:33:42.860 23897 23897 I C03913/AceText: [data_detector_adapter.cpp(52)-(100000:100000:scope)] Get AI entity menu from ai_engine
10-03 23:33:42.860 23897 24297 E C01406/OHOS::RS: RSRenderNodeDrawableAdapter::OnGenerate, node type 129 is not supported
10-03 23:33:42.860 23897 23897 E C03900/Ace: [rosen_window.cpp(254)-(-2:100000:singleton)] ArkUI request vsync,but no vsync received in 3 seconds
10-03 23:33:42.860 23897 24297 E C01406/OHOS::RS: RSRenderNodeDrawableAdapter::OnGenerate, node type 129 is not supported
10-03 23:33:42.860 23897 24297 E C01406/OHOS::RS: RSRenderNodeDrawableAdapter::OnGenerate, node type 129 is not supported
10-03 23:33:42.860 23897 24297 E C01406/OHOS::RS: RSRenderNodeDrawableAdapter::OnGenerate, node type 129 is not supported
10-03 23:33:42.860 23897 24297 E C01406/OHOS::RS: RSRenderNodeDrawableAdapter::OnGenerate, node type 129 is not supported
10-03 23:33:42.860 23897 24297 E C01406/OHOS::RS: RSRenderNodeDrawableAdapter::OnGenerate, node type 129 is not supported
10-03 23:33:42.860 23897 24297 E C01406/OHOS::RS: RSRenderNodeDrawableAdapter::OnGenerate, node type 129 is not supported
10-03 23:33:42.860 23897 24297 E C01406/OHOS::RS: RSRenderNodeDrawableAdapter::OnGenerate, node type 129 is not supported
10-03 23:33:42.860 23897 24297 E C01406/OHOS::RS: RSRenderNodeDrawableAdapter::OnGenerate, node type 129 is not supported
10-03 23:33:42.863 23897 24297 E C01406/OHOS::RS: RSRenderNodeDrawableAdapter::OnGenerate, node type 129 is not supported
10-03 23:33:42.863 23897 23897 W C01400/Vsync: PrintRequestTs: recv vsync timeout, from:WM_23897, now:11786045281610, fromRsTs:11778986370510, timeInterval:7058911100ns
10-03 23:33:42.863 23897 24297 E C01406/OHOS::RS: RSRenderNodeDrawableAdapter::OnGenerate, node type 129 is not supported
10-03 23:33:42.863 23897 24297 E C01406/OHOS::RS: RSRenderNodeDrawableAdapter::OnGenerate, node type 129 is not supported
10-03 23:33:42.863 23897 24297 E C01406/OHOS::RS: RSRenderNodeDrawableAdapter::OnGenerate, node type 129 is not supported
10-03 23:33:42.863 23897 24297 E C01406/OHOS::RS: RSRenderNodeDrawableAdapter::OnGenerate, node type 129 is not supported
10-03 23:33:42.864 23897 24297 E C01406/OHOS::RS: RSRenderNodeDrawableAdapter::OnGenerate, node type 129 is not supported
10-03 23:33:42.864 23897 24297 E C01406/OHOS::RS: RSRenderNodeDrawableAdapter::OnGenerate, node type 129 is not supported
10-03 23:33:42.864 23897 24297 E C01406/OHOS::RS: RSRenderNodeDrawableAdapter::OnGenerate, node type 129 is not supported
10-03 23:33:42.864 23897 24297 E C01406/OHOS::RS: RSRenderNodeDrawableAdapter::OnGenerate, node type 129 is not supported
10-03 23:33:42.864 23897 24297 E C01406/OHOS::RS: RSRenderNodeDrawableAdapter::OnGenerate, node type 129 is not supported
10-03 23:33:42.864 23897 24297 E C01406/OHOS::RS: RSRenderNodeDrawableAdapter::OnGenerate, node type 129 is not supported
10-03 23:33:42.864 23897 24297 E C01406/OHOS::RS: RSRenderNodeDrawableAdapter::OnGenerate, node type 129 is not supported
10-03 23:33:42.864 23897 24297 E C01406/OHOS::RS: RSRenderNodeDrawableAdapter::OnGenerate, node type 129 is not supported
10-03 23:33:42.864 23897 24297 E C01406/OHOS::RS: RSRenderNodeDrawableAdapter::OnGenerate, node type 129 is not supported
10-03 23:33:42.864 23897 24297 E C01406/OHOS::RS: RSRenderNodeDrawableAdapter::OnGenerate, node type 129 is not supported
10-03 23:33:42.865 23897 24297 E C01406/OHOS::RS: RSRenderNodeDrawableAdapter::OnGenerate, node type 129 is not supported
10-03 23:33:42.866 23897 23897 I C01406/OHOS::RS: [RenderAnimation] Id: 102636833472591 SetExpectedFrameRateRange{0, 90, 15}
10-03 23:33:42.866 23897 24297 E C01406/OHOS::RS: RSRenderNodeDrawableAdapter::OnGenerate, node type 129 is not supported
10-03 23:33:42.866 23897 24297 E C01406/OHOS::RS: RSRenderNodeDrawableAdapter::OnGenerate, node type 129 is not supported
10-03 23:33:42.866 23897 24297 E C01406/OHOS::RS: RSRenderNodeDrawableAdapter::OnGenerate, node type 129 is not supported
10-03 23:33:42.866 23897 24297 E C01406/OHOS::RS: RSRenderNodeDrawableAdapter::OnGenerate, node type 129 is not supported
10-03 23:33:42.867 23897 23897 I C02d66/Hiview-PerfMonitor: ProcessJank: JankFrameMonitor::ProcessJank jank >= threshold
10-03 23:33:42.867 23897 24297 E C01406/OHOS::RS: RSRenderNodeDrawableAdapter::OnGenerate, node type 129 is not supported
10-03 23:33:42.867 23897 24297 E C01406/OHOS::RS: RSRenderNodeDrawableAdapter::OnGenerate, node type 129 is not supported
10-03 23:33:42.868 23897 24297 E C01406/OHOS::RS: RSRenderNodeDrawableAdapter::OnGenerate, node type 129 is not supported
10-03 23:33:42.868 23897 24297 E C01406/OHOS::RS: RSRenderNodeDrawableAdapter::OnGenerate, node type 129 is not supported
10-03 23:33:42.868 23897 24297 E C01406/OHOS::RS: RSRenderNodeDrawableAdapter::OnGenerate, node type 129 is not supported
10-03 23:33:42.868 23897 24297 E C01406/OHOS::RS: RSRenderNodeDrawableAdapter::OnGenerate, node type 129 is not supported
10-03 23:33:42.868 23897 24297 E C01406/OHOS::RS: RSRenderNodeDrawableAdapter::OnGenerate, node type 129 is not supported
10-03 23:33:42.868 23897 24297 E C01406/OHOS::RS: RSRenderNodeDrawableAdapter::OnGenerate, node type 129 is not supported
10-03 23:33:42.868 23897 24297 E C01406/OHOS::RS: RSRenderNodeDrawableAdapter::OnGenerate, node type 129 is not supported
10-03 23:33:42.868 23897 24297 E C01406/OHOS::RS: RSRenderNodeDrawableAdapter::OnGenerate, node type 129 is not supported
10-03 23:33:42.868 23897 24297 E C01406/OHOS::RS: RSRenderNodeDrawableAdapter::OnGenerate, node type 129 is not supported
10-03 23:33:42.868 23897 24297 E C01406/OHOS::RS: RSRenderNodeDrawableAdapter::OnGenerate, node type 129 is not supported
10-03 23:33:42.868 23897 24297 E C01406/OHOS::RS: RSRenderNodeDrawableAdapter::OnGenerate, node type 129 is not supported
10-03 23:33:42.868 23897 24297 E C01406/OHOS::RS: RSRenderNodeDrawableAdapter::OnGenerate, node type 129 is not supported
10-03 23:33:42.869 23897 24297 E C01406/OHOS::RS: RSRenderNodeDrawableAdapter::OnGenerate, node type 129 is not supported
10-03 23:33:42.869 23897 24297 E C01406/OHOS::RS: RSRenderNodeDrawableAdapter::OnGenerate, node type 129 is not supported
10-03 23:33:42.869 23897 24297 E C01406/OHOS::RS: RSRenderNodeDrawableAdapter::OnGenerate, node type 129 is not supported
10-03 23:33:42.869 23897 24297 E C01406/OHOS::RS: RSRenderNodeDrawableAdapter::OnGenerate, node type 129 is not supported
10-03 23:33:42.869 23897 24297 E C01406/OHOS::RS: RSRenderNodeDrawableAdapter::OnGenerate, node type 129 is not supported
10-03 23:33:42.869 23897 24297 E C01406/OHOS::RS: RSRenderNodeDrawableAdapter::OnGenerate, node type 129 is not supported
10-03 23:33:42.869 23897 24297 E C01406/OHOS::RS: RSRenderNodeDrawableAdapter::OnGenerate, node type 129 is not supported
10-03 23:33:42.869 23897 24297 E C01406/OHOS::RS: RSRenderNodeDrawableAdapter::OnGenerate, node type 129 is not supported
10-03 23:33:42.869 23897 24297 E C01406/OHOS::RS: RSRenderNodeDrawableAdapter::OnGenerate, node type 129 is not supported
10-03 23:33:42.869 23897 24297 E C01406/OHOS::RS: RSRenderNodeDrawableAdapter::OnGenerate, node type 129 is not supported
10-03 23:33:42.869 23897 24297 E C01406/OHOS::RS: RSRenderNodeDrawableAdapter::OnGenerate, node type 129 is not supported
10-03 23:33:42.869 23897 24297 E C01406/OHOS::RS: RSRenderNodeDrawableAdapter::OnGenerate, node type 129 is not supported
10-03 23:33:42.869 23897 24297 E C01406/OHOS::RS: RSRenderNodeDrawableAdapter::OnGenerate, node type 129 is not supported
10-03 23:33:42.869 23897 24297 E C01406/OHOS::RS: RSRenderNodeDrawableAdapter::OnGenerate, node type 129 is not supported
10-03 23:33:42.869 23897 24297 E C01406/OHOS::RS: RSRenderNodeDrawableAdapter::OnGenerate, node type 129 is not supported
10-03 23:33:42.869 23897 24297 E C01406/OHOS::RS: RSRenderNodeDrawableAdapter::OnGenerate, node type 129 is not supported
10-03 23:33:42.869 23897 24297 E C01406/OHOS::RS: RSRenderNodeDrawableAdapter::OnGenerate, node type 129 is not supported
10-03 23:33:42.869 23897 24297 E C01406/OHOS::RS: RSRenderNodeDrawableAdapter::OnGenerate, node type 129 is not supported
10-03 23:33:42.871 23897 24297 E C01406/OHOS::RS: QueryEglBufferAge: eglQuerySurface is failed
10-03 23:33:42.891 23897 24267 E C02d11/DfxSignalHandler: dummy exit (0)
10-03 23:33:42.955 23897 24267 E C02d11/DfxSignalHandler: dummy exit (0)
10-03 23:33:42.955 23897 24267 I C02d11/DfxSignalHandler: Finish handle signal(35) in 23897:24267.
10-03 23:33:42.955 23897 24267 W C03f07/MUSL-SIGCHAIN: signal_chain_handler call 0 rd sigchain action for signal: 35 directly return
10-03 23:33:42.960 23897 23897 I C02d66/Hiview-PerfMonitor: ProcessJank: JankFrameMonitor::ProcessJank jank >= threshold
10-03 23:33:42.973 23897 24297 E C01406/OHOS::RS: QueryEglBufferAge: eglQuerySurface is failed
catcher cmd: hilog -z 1000 -P end time: 2026/10/03-23:33:42:990
---------------------------------------------------

---------------------------------------------------
MemoryCatcher -- start time: 2026/10/03-23:33:42:990

MemoryCatcher --

Get freeze memory start time: 2026-10-03 23:33:39.359
MemTotal:        4017276 kB
MemFree:         2120736 kB
MemAvailable:    2993588 kB
Buffers:           34848 kB
Cached:          1008588 kB
SwapCached:            0 kB
Active:           510408 kB
Inactive:        1236216 kB
Active(anon):        528 kB
Inactive(anon):   829900 kB
Active(file):     509880 kB
Inactive(file):   406316 kB
Unevictable:       14168 kB
Mlocked:               0 kB
SwapTotal:             0 kB
SwapFree:              0 kB
Dirty:                20 kB
Writeback:             0 kB
AnonPages:        717484 kB
Mapped:           628240 kB
Shmem:            127240 kB
KReclaimable:      23460 kB
Slab:              72980 kB
SReclaimable:      23460 kB
SUnreclaim:        49520 kB
KernelStack:       18400 kB
PageTables:        25720 kB
SecPageTables:         0 kB
NFS_Unstable:          0 kB
Bounce:                0 kB
WritebackTmp:          0 kB
CommitLimit:     2008636 kB
Committed_AS:   10078692 kB
VmallocTotal:   34359738367 kB
VmallocUsed:       19684 kB
VmallocChunk:          0 kB
Percpu:             1888 kB
CmaTotal:              0 kB
CmaFree:               0 kB
HugePages_Total:       0
HugePages_Free:        0
HugePages_Rsvd:        0
HugePages_Surp:        0
Hugepagesize:       2048 kB
Hugetlb:               0 kB
DirectMap4k:       22348 kB
DirectMap2M:     3123200 kB
DirectMap1G:     3145728 kB
Get freeze memory end time: 2026-10-03 23:33:39.359
don't collect ashmem dmaheap gpumem
MemoryCatcher -- end time: 2026/10/03-23:33:43:007
---------------------------------------------------

---------------------------------------------------
ThermalInfoCatcher -- start time: 2026/10/03-23:33:43:007

ThermalInfoCatcher --

ThermalLevel info: 0
ThermalInfoCatcher -- end time: 2026/10/03-23:33:43:016
---------------------------------------------------


Catcher log total time is 2851ms

*******************************************
start time: 2026/10/03-23:33:42:816
DOMAIN = AAFWK
EVENTNAME = THREAD_BLOCK_6S
TIMESTAMP = 2026/10/03-23:33:42:795
PID = 23897
UID = 20010042
TID = 23897
PACKAGE_NAME = org.touchmap.app
PROCESS_NAME = org.touchmap.app
eventLog_action = t,cmd:c,cmd:cci,cmd:m,cmd:dam,tr,k:SysRqFile,hot,sli
eventLog_interval = 10
MSG = 
Fault time:2026/10/03-23:33:42
App main thread is not response!

Main handler dump start time: 2026-10-03 23:33:42.380
mainHandler dump is:
 EventHandler dump begin curTime: 2026-10-03 23:33:42.382
 Event runner (Thread name = , Thread ID = 23897) is running
 Current Running: start at 2026-10-03 23:33:35.773, Event { send thread = 23897, send time = 2026-10-03 23:33:35.773, handle time = 2026-10-03 23:33:35.773, trigger time = 2026-10-03 23:33:35.773, task name = vSyncTask, caller = [event_queue.cpp(HandleFileDescriptorEvent:313)] }
 History event queue information:
 No. 0 : Event { send thread = 23897, send time = 2026-10-03 23:33:35.438, handle time = 2026-10-03 23:33:35.439, trigger time = 2026-10-03 23:33:35.439, completeTime time = 2026-10-03 23:33:35.445, priority = High, task name = vSyncTask, caller = [event_queue.cpp(HandleFileDescriptorEvent:313)] }
 No. 1 : Event { send thread = 23897, send time = 2026-10-03 23:33:35.438, handle time = 2026-10-03 23:33:35.438, trigger time = 2026-10-03 23:33:35.445, completeTime time = 2026-10-03 23:33:35.445, priority = IDEL, task name = IdleTime:PostTask, caller = [idle_time.cpp(PostTask:114)] }
 No. 2 : Event { send thread = 23897, send time = 2026-10-03 23:33:35.421, handle time = 2026-10-03 23:33:35.473, trigger time = 2026-10-03 23:33:35.476, completeTime time = 2026-10-03 23:33:35.477, priority = Low, task name = ArkUIIdleTask, caller = [task_runner_adapter_impl.cpp(PostDelayedTask:44)] }
 No. 3 : Event { send thread = 23897, send time = 2026-10-03 23:33:35.446, handle time = 2026-10-03 23:33:35.446, trigger time = 2026-10-03 23:33:35.477, completeTime time = 2026-10-03 23:33:35.479, priority = IDEL, task name = IdleTime:PostTask, caller = [idle_time.cpp(PostTask:114)] }
 No. 4 : Event { send thread = 23897, send time = 2026-10-03 23:33:35.527, handle time = 2026-10-03 23:33:35.527, trigger time = 2026-10-03 23:33:35.528, completeTime time = 2026-10-03 23:33:35.621, priority = VIP, task name = MMITask, caller = [event_queue.cpp(HandleFileDescriptorEvent:313)] }
 No. 5 : Event { send thread = 24278, send time = 2026-10-03 23:33:35.599, handle time = 2026-10-03 23:33:35.599, trigger time = 2026-10-03 23:33:35.621, completeTime time = 2026-10-03 23:33:35.751, priority = Immediate, task name = QuerySql, caller = [ohos_js_environment_impl.cpp(PostTaskToHandler:72)] }
 No. 6 : Event { send thread = 24283, send time = 2026-10-03 23:33:35.647, handle time = 2026-10-03 23:33:35.647, trigger time = 2026-10-03 23:33:35.753, completeTime time = 2026-10-03 23:33:35.761, priority = Immediate, task name = Flush, caller = [ohos_js_environment_impl.cpp(PostTaskToHandler:72)] }
 No. 7 : Event { send thread = 24537, send time = 2026-10-03 23:33:35.575, handle time = 2026-10-03 23:33:35.575, trigger time = 2026-10-03 23:33:35.761, completeTime time = 2026-10-03 23:33:35.764, priority = High, task name = Promise, caller = [ohos_js_environment_impl.cpp(PostTaskToHandler:72)] }
 No. 8 : Event { send thread = 24273, send time = 2026-10-03 23:33:35.582, handle time = 2026-10-03 23:33:35.582, trigger time = 2026-10-03 23:33:35.764, completeTime time = 2026-10-03 23:33:35.769, priority = High, task name = Promise, caller = [ohos_js_environment_impl.cpp(PostTaskToHandler:72)] }
 No. 9 : Event { send thread = 24297, send time = 2026-10-03 23:33:35.715, handle time = 2026-10-03 23:33:35.715, trigger time = 2026-10-03 23:33:35.769, completeTime time = 2026-10-03 23:33:35.771, priority = High, task name = ArkUIRosenWindowRenderServiceTask, caller = [task_runner_adapter_impl.cpp(PostTask:33)] }
 No. 10 : Event { send thread = 23897, send time = 2026-10-03 23:33:35.549, handle time = 2026-10-03 23:33:35.600, trigger time = 2026-10-03 23:33:35.771, completeTime time = 2026-10-03 23:33:35.772, priority = Low, task name = ArkUIIdleTask, caller = [task_runner_adapter_impl.cpp(PostDelayedTask:44)] }
 No. 11 : Event { send thread = 23897, send time = 2026-10-03 23:33:35.478, handle time = 2026-10-03 23:33:35.478, trigger time = 2026-10-03 23:33:35.772, completeTime time = 2026-10-03 23:33:35.773, priority = IDEL, task name = IdleTime:PostTask, caller = [idle_time.cpp(PostTask:114)] }
 No. 12 : Event { send thread = 23897, send time = 2026-10-03 23:33:35.773, handle time = 2026-10-03 23:33:35.773, trigger time = 2026-10-03 23:33:35.773, completeTime time = , priority = High, task name = vSyncTask, caller = [event_queue.cpp(HandleFileDescriptorEvent:313)] }
 No. 13 : Event { send thread = 23897, send time = 2026-10-03 23:33:30.374, handle time = 2026-10-03 23:33:30.374, trigger time = 2026-10-03 23:33:32.475, completeTime time = 2026-10-03 23:33:32.475, priority = IDEL, task name = IdleTime:PostTask, caller = [idle_time.cpp(PostTask:114)] }
 No. 14 : Event { send thread = 24521, send time = 2026-10-03 23:33:32.585, handle time = 2026-10-03 23:33:32.585, trigger time = 2026-10-03 23:33:32.585, completeTime time = 2026-10-03 23:33:32.586, priority = Low, task name = ArkUIAccessibilityStateChanged, caller = [task_runner_adapter_impl.cpp(PostTask:33)] }
 No. 15 : Event { send thread = 24521, send time = 2026-10-03 23:33:32.585, handle time = 2026-10-03 23:33:32.585, trigger time = 2026-10-03 23:33:32.586, completeTime time = 2026-10-03 23:33:32.586, priority = Low, task name = ArkUIAccessibilityStateChanged, caller = [task_runner_adapter_impl.cpp(PostTask:33)] }
 No. 16 : Event { send thread = 23897, send time = 2026-10-03 23:33:32.475, handle time = 2026-10-03 23:33:32.475, trigger time = 2026-10-03 23:33:32.586, completeTime time = 2026-10-03 23:33:32.586, priority = IDEL, task name = IdleTime:PostTask, caller = [idle_time.cpp(PostTask:114)] }
 No. 17 : Event { send thread = 24521, send time = 2026-10-03 23:33:32.603, handle time = 2026-10-03 23:33:32.603, trigger time = 2026-10-03 23:33:32.603, completeTime time = 2026-10-03 23:33:32.603, priority = Low, task name = ArkUIAccessibilityStateChanged, caller = [task_runner_adapter_impl.cpp(PostTask:33)] }
 No. 18 : Event { send thread = 23897, send time = 2026-10-03 23:33:32.586, handle time = 2026-10-03 23:33:32.586, trigger time = 2026-10-03 23:33:32.603, completeTime time = 2026-10-03 23:33:32.603, priority = IDEL, task name = IdleTime:PostTask, caller = [idle_time.cpp(PostTask:114)] }
 No. 19 : Event { send thread = 24521, send time = 2026-10-03 23:33:33.166, handle time = 2026-10-03 23:33:33.166, trigger time = 2026-10-03 23:33:33.167, completeTime time = 2026-10-03 23:33:33.168, priority = Low, task name = ArkUIAccessibilitySearchElementInfoById, caller = [task_runner_adapter_impl.cpp(PostTask:33)] }
 No. 20 : Event { send thread = 23897, send time = 2026-10-03 23:33:32.603, handle time = 2026-10-03 23:33:32.604, trigger time = 2026-10-03 23:33:33.169, completeTime time = 2026-10-03 23:33:33.169, priority = IDEL, task name = IdleTime:PostTask, caller = [idle_time.cpp(PostTask:114)] }
 No. 21 : Event { send thread = 24521, send time = 2026-10-03 23:33:33.186, handle time = 2026-10-03 23:33:33.186, trigger time = 2026-10-03 23:33:33.186, completeTime time = 2026-10-03 23:33:33.196, priority = Low, task name = ArkUIAccessibilitySearchElementInfoById, caller = [task_runner_adapter_impl.cpp(PostTask:33)] }
 No. 22 : Event { send thread = 23897, send time = 2026-10-03 23:33:33.169, handle time = 2026-10-03 23:33:33.169, trigger time = 2026-10-03 23:33:33.196, completeTime time = 2026-10-03 23:33:33.196, priority = IDEL, task name = IdleTime:PostTask, caller = [idle_time.cpp(PostTask:114)] }
 No. 23 : Event { send thread = 24268, send time = 2026-10-03 23:33:33.317, handle time = 2026-10-03 23:33:33.317, trigger time = 2026-10-03 23:33:33.317, completeTime time = 2026-10-03 23:33:33.317, priority = VIP, task name = vSyncTask, caller = [watchdog.cpp(Timer:249)] }
 No. 24 : Event { send thread = 23897, send time = 2026-10-03 23:33:33.195, handle time = 2026-10-03 23:33:33.195, trigger time = 2026-10-03 23:33:33.317, completeTime time = 2026-10-03 23:33:33.317, priority = IDEL, task name = IdleTime:PostTask, caller = [idle_time.cpp(PostTask:114)] }
 No. 25 : Event { send thread = 24521, send time = 2026-10-03 23:33:34.614, handle time = 2026-10-03 23:33:34.614, trigger time = 2026-10-03 23:33:34.615, completeTime time = 2026-10-03 23:33:34.615, priority = Low, task name = ArkUIAccessibilityStateChanged, caller = [task_runner_adapter_impl.cpp(PostTask:33)] }
 No. 26 : Event { send thread = 24521, send time = 2026-10-03 23:33:34.615, handle time = 2026-10-03 23:33:34.614, trigger time = 2026-10-03 23:33:34.615, completeTime time = 2026-10-03 23:33:34.616, priority = Low, task name = ArkUIAccessibilityStateChanged, caller = [task_runner_adapter_impl.cpp(PostTask:33)] }
 No. 27 : Event { send thread = 23897, send time = 2026-10-03 23:33:33.317, handle time = 2026-10-03 23:33:33.318, trigger time = 2026-10-03 23:33:34.616, completeTime time = 2026-10-03 23:33:34.617, priority = IDEL, task name = IdleTime:PostTask, caller = [idle_time.cpp(PostTask:114)] }
 No. 28 : Event { send thread = 24521, send time = 2026-10-03 23:33:34.663, handle time = 2026-10-03 23:33:34.663, trigger time = 2026-10-03 23:33:34.663, completeTime time = 2026-10-03 23:33:34.663, priority = Low, task name = ArkUIAccessibilityStateChanged, caller = [task_runner_adapter_impl.cpp(PostTask:33)] }
 No. 29 : Event { send thread = 23897, send time = 2026-10-03 23:33:34.616, handle time = 2026-10-03 23:33:34.617, trigger time = 2026-10-03 23:33:34.664, completeTime time = 2026-10-03 23:33:34.664, priority = IDEL, task name = IdleTime:PostTask, caller = [idle_time.cpp(PostTask:114)] }
 No. 30 : Event { send thread = 23897, send time = 2026-10-03 23:33:35.406, handle time = 2026-10-03 23:33:35.406, trigger time = 2026-10-03 23:33:35.407, completeTime time = 2026-10-03 23:33:35.439, priority = VIP, task name = MMITask, caller = [event_queue.cpp(HandleFileDescriptorEvent:313)] }
 No. 31 : Event { send thread = 23897, send time = 2026-10-03 23:33:34.664, handle time = 2026-10-03 23:33:34.664, trigger time = 2026-10-03 23:33:35.439, completeTime time = 2026-10-03 23:33:35.439, priority = IDEL, task name = IdleTime:PostTask, caller = [idle_time.cpp(PostTask:114)] }
 VIP priority event queue information:
 No.1 : Event { send thread = 24268, send time = 2026-10-03 23:33:36.318, handle time = 2026-10-03 23:33:36.318, id = 1, caller = [watchdog.cpp(Timer:249)] }
 No.2 : Event { send thread = 24268, send time = 2026-10-03 23:33:39.333, handle time = 2026-10-03 23:33:39.334, id = 1, caller = [watchdog.cpp(Timer:249)] }
 No.3 : Event { send thread = 24268, send time = 2026-10-03 23:33:42.360, handle time = 2026-10-03 23:33:42.360, id = 1, caller = [watchdog.cpp(Timer:249)] }
 Total size of VIP events : 3
 Immediate priority event queue information:
 No.1 : Event { send thread = 24278, send time = 2026-10-03 23:33:35.781, handle time = 2026-10-03 23:33:35.781, task name = Flush, caller = [ohos_js_environment_impl.cpp(PostTaskToHandler:72)] }
 Total size of Immediate events : 1
 High priority event queue information:
 Total size of High events : 0
 Low priority event queue information:
 No.1 : Event { send thread = 23897, send time = 2026-10-03 23:33:35.822, handle time = 2026-10-03 23:33:35.822, task name = ArkUITextInitDataDetect, caller = [task_runner_adapter_impl.cpp(PostTask:33)] }
 No.2 : Event { send thread = 23897, send time = 2026-10-03 23:33:35.796, handle time = 2026-10-03 23:33:35.847, task name = ArkUIIdleTask, caller = [task_runner_adapter_impl.cpp(PostDelayedTask:44)] }
 No.3 : Event { send thread = 23897, send time = 2026-10-03 23:33:36.120, handle time = 2026-10-03 23:33:36.120, task name = ArkUITextInitDataDetect, caller = [task_runner_adapter_impl.cpp(PostTask:33)] }
 No.4 : Event { send thread = 23897, send time = 2026-10-03 23:33:36.120, handle time = 2026-10-03 23:33:36.121, task name = ArkUITextInitDataDetect, caller = [task_runner_adapter_impl.cpp(PostTask:33)] }
 No.5 : Event { send thread = 23897, send time = 2026-10-03 23:33:36.122, handle time = 2026-10-03 23:33:36.122, task name = ArkUITextInitDataDetect, caller = [task_runner_adapter_impl.cpp(PostTask:33)] }
 No.6 : Event { send thread = 23897, send time = 2026-10-03 23:33:36.122, handle time = 2026-10-03 23:33:36.122, task name = ArkUITextInitDataDetect, caller = [task_runner_adapter_impl.cpp(PostTask:33)] }
 No.7 : Event { send thread = 23897, send time = 2026-10-03 23:33:36.124, handle time = 2026-10-03 23:33:36.124, task name = ArkUITextInitDataDetect, caller = [task_runner_adapter_impl.cpp(PostTask:33)] }
 No.8 : Event { send thread = 23897, send time = 2026-10-03 23:33:36.186, handle time = 2026-10-03 23:33:36.186, task name = ArkUITextInitDataDetect, caller = [task_runner_adapter_impl.cpp(PostTask:33)] }
 No.9 : Event { send thread = 23897, send time = 2026-10-03 23:33:36.194, handle time = 2026-10-03 23:33:36.194, task name = ArkUITextInitDataDetect, caller = [task_runner_adapter_impl.cpp(PostTask:33)] }
 No.10 : Event { send thread = 23897, send time = 2026-10-03 23:33:36.200, handle time = 2026-10-03 23:33:36.200, task name = ArkUITextInitDataDetect, caller = [task_runner_adapter_impl.cpp(PostTask:33)] }
 No.11 : Event { send thread = 23897, send time = 2026-10-03 23:33:36.213, handle time = 2026-10-03 23:33:36.213, task name = ArkUITextInitDataDetect, caller = [task_runner_adapter_impl.cpp(PostTask:33)] }
 No.12 : Event { send thread = 23897, send time = 2026-10-03 23:33:36.223, handle time = 2026-10-03 23:33:36.223, task name = ArkUITextInitDataDetect, caller = [task_runner_adapter_impl.cpp(PostTask:33)] }
 No.13 : Event { send thread = 23897, send time = 2026-10-03 23:33:36.269, handle time = 2026-10-03 23:33:36.270, task name = ArkUITextInitDataDetect, caller = [task_runner_adapter_impl.cpp(PostTask:33)] }
 No.14 : Event { send thread = 23897, send time = 2026-10-03 23:33:36.284, handle time = 2026-10-03 23:33:36.285, task name = ArkUITextInitDataDetect, caller = [task_runner_adapter_impl.cpp(PostTask:33)] }
 No.15 : Event { send thread = 23897, send time = 2026-10-03 23:33:35.795, handle time = 2026-10-03 23:33:36.295, task name = ArkUIVsyncTimeoutCheck, caller = [task_runner_adapter_impl.cpp(PostDelayedTask:44)] }
 No.16 : Event { send thread = 23897, send time = 2026-10-03 23:33:36.306, handle time = 2026-10-03 23:33:36.306, task name = ArkUITextInitDataDetect, caller = [task_runner_adapter_impl.cpp(PostTask:33)] }
 No.17 : Event { send thread = 23897, send time = 2026-10-03 23:33:36.349, handle time = 2026-10-03 23:33:36.349, task name = ArkUITextInitDataDetect, caller = [task_runner_adapter_impl.cpp(PostTask:33)] }
 No.18 : Event { send thread = 23897, send time = 2026-10-03 23:33:36.381, handle time = 2026-10-03 23:33:36.381, task name = ArkUITextInitDataDetect, caller = [task_runner_adapter_impl.cpp(PostTask:33)] }
 No.19 : Event { send thread = 23897, send time = 2026-10-03 23:33:35.790, handle time = 2026-10-03 23:33:36.390, task name = vsync_time_out_task_102636833472513, caller = [vsync_station.cpp(RequestVsync:148)] }
 No.20 : Event { send thread = 23897, send time = 2026-10-03 23:33:36.399, handle time = 2026-10-03 23:33:36.399, task name = ArkUITextInitDataDetect, caller = [task_runner_adapter_impl.cpp(PostTask:33)] }
 No.21 : Event { send thread = 23897, send time = 2026-10-03 23:33:36.416, handle time = 2026-10-03 23:33:36.416, task name = ArkUITextInitDataDetect, caller = [task_runner_adapter_impl.cpp(PostTask:33)] }
 No.22 : Event { send thread = 23897, send time = 2026-10-03 23:33:36.453, handle time = 2026-10-03 23:33:36.453, task name = ArkUITextInitDataDetect, caller = [task_runner_adapter_impl.cpp(PostTask:33)] }
 No.23 : Event { send thread = 23897, send time = 2026-10-03 23:33:36.476, handle time = 2026-10-03 23:33:36.476, task name = ArkUITextInitDataDetect, caller = [task_runner_adapter_impl.cpp(PostTask:33)] }
 No.24 : Event { send thread = 23897, send time = 2026-10-03 23:33:36.506, handle time = 2026-10-03 23:33:36.506, task name = ArkUITextInitDataDetect, caller = [task_runner_adapter_impl.cpp(PostTask:33)] }
 No.25 : Event { send thread = 23897, send time = 2026-10-03 23:33:36.518, handle time = 2026-10-03 23:33:36.518, task name = ArkUITextInitDataDetect, caller = [task_runner_adapter_impl.cpp(PostTask:33)] }
 No.26 : Event { send thread = 23897, send time = 2026-10-03 23:33:36.563, handle time = 2026-10-03 23:33:36.563, task name = ArkUITextInitDataDetect, caller = [task_runner_adapter_impl.cpp(PostTask:33)] }
 No.27 : Event { send thread = 23897, send time = 2026-10-03 23:33:36.585, handle time = 2026-10-03 23:33:36.585, task name = ArkUITextInitDataDetect, caller = [task_runner_adapter_impl.cpp(PostTask:33)] }
 No.28 : Event { send thread = 23897, send time = 2026-10-03 23:33:36.648, handle time = 2026-10-03 23:33:36.648, task name = ArkUITextInitDataDetect, caller = [task_runner_adapter_impl.cpp(PostTask:33)] }
 No.29 : Event { send thread = 23897, send time = 2026-10-03 23:33:36.659, handle time = 2026-10-03 23:33:36.659, task name = ArkUITextInitDataDetect, caller = [task_runner_adapter_impl.cpp(PostTask:33)] }
 No.30 : Event { send thread = 23897, send time = 2026-10-03 23:33:36.674, handle time = 2026-10-03 23:33:36.674, task name = ArkUITextInitDataDetect, caller = [task_runner_adapter_impl.cpp(PostTask:33)] }
 No.31 : Event { send thread = 23897, send time = 2026-10-03 23:33:36.687, handle time = 2026-10-03 23:33:36.687, task name = ArkUITextInitDataDetect, caller = [task_runner_adapter_impl.cpp(PostTask:33)] }
 No.32 : Event { send thread = 23897, send time = 2026-10-03 23:33:36.700, handle time = 2026-10-03 23:33:36.700, task name = ArkUITextInitDataDetect, caller = [task_runner_adapter_impl.cpp(PostTask:33)] }
 No.33 : Event { send thread = 23897, send time = 2026-10-03 23:33:36.743, handle time = 2026-10-03 23:33:36.744, task name = ArkUITextInitDataDetect, caller = [task_runner_adapter_impl.cpp(PostTask:33)] }
 No.34 : Event { send thread = 23897, send time = 2026-10-03 23:33:36.770, handle time = 2026-10-03 23:33:36.770, task name = ArkUITextInitDataDetect, caller = [task_runner_adapter_impl.cpp(PostTask:33)] }
 No.35 : Event { send thread = 23897, send time = 2026-10-03 23:33:36.816, handle time = 2026-10-03 23:33:36.816, task name = ArkUITextInitDataDetect, caller = [task_runner_adapter_impl.cpp(PostTask:33)] }
 No.36 : Event { send thread = 23897, send time = 2026-10-03 23:33:36.946, handle time = 2026-10-03 23:33:36.946, task name = ArkUITextInitDataDetect, caller = [task_runner_adapter_impl.cpp(PostTask:33)] }
 No.37 : Event { send thread = 23897, send time = 2026-10-03 23:33:37.268, handle time = 2026-10-03 23:33:37.268, task name = ArkUITextInitDataDetect, caller = [task_runner_adapter_impl.cpp(PostTask:33)] }
 No.38 : Event { send thread = 23897, send time = 2026-10-03 23:33:37.362, handle time = 2026-10-03 23:33:37.362, task name = ArkUITextInitDataDetect, caller = [task_runner_adapter_impl.cpp(PostTask:33)] }
 No.39 : Event { send thread = 23897, send time = 2026-10-03 23:33:37.471, handle time = 2026-10-03 23:33:37.471, task name = ArkUITextInitDataDetect, caller = [task_runner_adapter_impl.cpp(PostTask:33)] }
 No.40 : Event { send thread = 23897, send time = 2026-10-03 23:33:37.533, handle time = 2026-10-03 23:33:37.533, task name = ArkUITextInitDataDetect, caller = [task_runner_adapter_impl.cpp(PostTask:33)] }
 No.41 : Event { send thread = 23897, send time = 2026-10-03 23:33:37.625, handle time = 2026-10-03 23:33:37.625, task name = ArkUITextInitDataDetect, caller = [task_runner_adapter_impl.cpp(PostTask:33)] }
 No.42 : Event { send thread = 23897, send time = 2026-10-03 23:33:37.865, handle time = 2026-10-03 23:33:37.865, task name = ArkUITextInitDataDetect, caller = [task_runner_adapter_impl.cpp(PostTask:33)] }
 No.43 : Event { send thread = 23897, send time = 2026-10-03 23:33:38.069, handle time = 2026-10-03 23:33:38.070, task name = ArkUITextInitDataDetect, caller = [task_runner_adapter_impl.cpp(PostTask:33)] }
 No.44 : Event { send thread = 23897, send time = 2026-10-03 23:33:38.155, handle time = 2026-10-03 23:33:38.155, task name = ArkUITextInitDataDetect, caller = [task_runner_adapter_impl.cpp(PostTask:33)] }
 No.45 : Event { send thread = 23897, send time = 2026-10-03 23:33:38.157, handle time = 2026-10-03 23:33:38.158, task name = ArkUITextInitDataDetect, caller = [task_runner_adapter_impl.cpp(PostTask:33)] }
 No.46 : Event { send thread = 23897, send time = 2026-10-03 23:33:38.160, handle time = 2026-10-03 23:33:38.160, task name = ArkUITextInitDataDetect, caller = [task_runner_adapter_impl.cpp(PostTask:33)] }
 No.47 : Event { send thread = 23897, send time = 2026-10-03 23:33:38.160, handle time = 2026-10-03 23:33:38.160, task name = ArkUITextInitDataDetect, caller = [task_runner_adapter_impl.cpp(PostTask:33)] }
 No.48 : Event { send thread = 23897, send time = 2026-10-03 23:33:38.162, handle time = 2026-10-03 23:33:38.162, task name = ArkUITextInitDataDetect, caller = [task_runner_adapter_impl.cpp(PostTask:33)] }
 No.49 : Event { send thread = 23897, send time = 2026-10-03 23:33:38.168, handle time = 2026-10-03 23:33:38.168, task name = ArkUITextInitDataDetect, caller = [task_runner_adapter_impl.cpp(PostTask:33)] }
 No.50 : Event { send thread = 23897, send time = 2026-10-03 23:33:38.169, handle time = 2026-10-03 23:33:38.169, task name = ArkUITextInitDataDetect, caller = [task_runner_adapter_impl.cpp(PostTask:33)] }
 No.51 : Event { send thread = 23897, send time = 2026-10-03 23:33:38.171, handle time = 2026-10-03 23:33:38.171, task name = ArkUITextInitDataDetect, caller = [task_runner_adapter_impl.cpp(PostTask:33)] }
 No.52 : Event { send thread = 23897, send time = 2026-10-03 23:33:38.305, handle time = 2026-10-03 23:33:38.305, task name = ArkUITextInitDataDetect, caller = [task_runner_adapter_impl.cpp(PostTask:33)] }
 No.53 : Event { send thread = 23897, send time = 2026-10-03 23:33:38.404, handle time = 2026-10-03 23:33:38.404, task name = ArkUITextInitDataDetect, caller = [task_runner_adapter_impl.cpp(PostTask:33)] }
 No.54 : Event { send thread = 23897, send time = 2026-10-03 23:33:38.554, handle time = 2026-10-03 23:33:38.554, task name = ArkUITextInitDataDetect, caller = [task_runner_adapter_impl.cpp(PostTask:33)] }
 No.55 : Event { send thread = 23897, send time = 2026-10-03 23:33:35.792, handle time = 2026-10-03 23:33:38.792, task name = ArkUIVsyncTimeoutCheck, caller = [task_runner_adapter_impl.cpp(PostDelayedTask:44)] }
 No.56 : Event { send thread = 23897, send time = 2026-10-03 23:33:39.176, handle time = 2026-10-03 23:33:41.176, task name = ArkUIScrollBarInnerDisappearAnimation, caller = [task_runner_adapter_impl.cpp(PostDelayedTask:44)] }
 Total size of Low events : 56
 Idle priority event queue information:
 No.1 : Event { send thread = 23897, send time = 2026-10-03 23:33:35.773, handle time = 2026-10-03 23:33:35.773, task name = IdleTime:PostTask, caller = [idle_time.cpp(PostTask:114)] }
 Total size of Idle events : 1
 Total event size : 61
Main handler dump end time: 2026-10-03 23:33:42.501

Catche stack trace start time: 2026-10-03 23:33:42.762

Failed to dump stacktrace for 23897
Reason:
normal stack:process is dumping
kernel stack:unknown reason
Result: pid(23897) process is dumping.

Catche stack trace end time: 2026-10-03 23:33:42.792

SysrqCatcher -- fullPath:/data/log/eventlog/sysrq-20261003233342.log

---------------------------------------------------
catcher cmd: hilog -z 1000 -P start time: 2026/10/03-23:33:42:965

catcher cmd: hilog -z 1000 -P 
10-03 23:32:17.278 23897 23897 I A03d00/JSAPP: TOUCHMAP_AUDIO_ONSET ms=35 target=seed kind=label adapter=AudioRendererPCM
10-03 23:32:22.630 23897 23897 I A03d00/JSAPP: TOUCHMAP_AUDIO_ONSET ms=365 target=prism kind=label adapter=AudioRendererPCM
10-03 23:32:27.361 23897 23897 I A03d00/JSAPP: TOUCHMAP_AUDIO_ONSET ms=86 target=loom kind=label adapter=AudioRendererPCM
10-03 23:32:32.381 23897 23897 I A03d00/JSAPP: TOUCHMAP_AUDIO_ONSET ms=93 target=store kind=label adapter=AudioRendererPCM
10-03 23:32:37.424 23897 23897 I A03d00/JSAPP: TOUCHMAP_AUDIO_ONSET ms=121 target=ribbon kind=label adapter=AudioRendererPCM
10-03 23:32:52.408 23897 23897 I A03d00/JSAPP: TOUCHMAP_AUDIO_ONSET ms=75 target=seed kind=label adapter=AudioRendererPCM
10-03 23:32:57.434 23897 23897 I A03d00/JSAPP: TOUCHMAP_AUDIO_ONSET ms=92 target=prism kind=label adapter=AudioRendererPCM
10-03 23:33:02.432 23897 23897 I A03d00/JSAPP: TOUCHMAP_AUDIO_ONSET ms=78 target=loom kind=label adapter=AudioRendererPCM
10-03 23:33:07.504 23897 23897 I A03d00/JSAPP: TOUCHMAP_AUDIO_ONSET ms=93 target=store kind=label adapter=AudioRendererPCM
10-03 23:33:12.484 23897 23897 I A03d00/JSAPP: TOUCHMAP_AUDIO_ONSET ms=60 target=ribbon kind=label adapter=AudioRendererPCM
10-03 23:33:27.426 23897 24521 I C01d02/accessibility_asacfwk: [accessibility_system_ability_client_impl.cpp(NotifyStateChanged:709)]observers size is 2
10-03 23:33:27.426 23897 24521 I C01d10/accessibility_napi: [napi_accessibility_system_ability_client.cpp(OnStateChanged:1885)]
10-03 23:33:27.429 23897 24521 I C01d02/accessibility_asacfwk: [accessibility_system_ability_client_impl.cpp(NotifyStateChanged:709)]observers size is 0
10-03 23:33:27.429 23897 24521 I C01d02/accessibility_asacfwk: [accessibility_system_ability_client_impl.cpp(NotifyStateChanged:709)]observers size is 1
10-03 23:33:27.430 23897 24521 I C01d02/accessibility_asacfwk: [accessibility_system_ability_client_impl.cpp(NotifyStateChanged:709)]observers size is 0
10-03 23:33:27.435 23897 23897 I C01d02/accessibility_asacfwk: [accessibility_system_ability_client_impl.cpp(DeregisterElementOperator:471)]Deregister windowId[156] start
10-03 23:33:27.465 23897 23897 E C02701/IMiscdeviceServiceIdl: Read result failed, code is: 4.
10-03 23:33:27.466 23897 23897 E C02701/VibratorNDK: in CancelEnhanced StopVibrator failed, ret:-1
10-03 23:33:27.472 23897 24521 I C02b83/RendererInClientInnerPublic: [OnOperationHandled]sessionId 100004 recv operation:4 result:0.
10-03 23:33:27.474 23897 23897 W C01320/JsEnv: [source_map145]the stack without line info
10-03 23:33:27.478 23897 24521 I C01d02/accessibility_asacfwk: [accessibility_system_ability_client_impl.cpp(NotifyStateChanged:709)]observers size is 1
10-03 23:33:27.496 23897 24283 I C02b83/RendererInClientInnerPublic: [FlushAudioStream]Flush stream SUCCESS, sessionId: 100004
10-03 23:33:27.969 23897 23897 I C02d66/Hiview-PerfMonitor: ProcessJank: JankFrameMonitor::ProcessJank jank >= threshold
10-03 23:33:27.976 23897 23897 I C02d06/XCollie: success to submit start trace
10-03 23:33:27.976 23897 23897 I C02d06/XCollie: MainThread TraceCollector Start result: 0, Duration Time: 499 ms
10-03 23:33:28.003 23897 24521 I C02b83/RendererInClientInnerPublic: [OnOperationHandled]sessionId 100004 recv operation:4 result:0.
10-03 23:33:28.004 23897 23897 I C03913/AceText: [data_detector_adapter.cpp(52)-(100000:100000:scope)] Get AI entity menu from ai_engine
10-03 23:33:28.004 23897 23897 I C03913/AceText: [data_detector_adapter.cpp(52)-(100000:100000:scope)] Get AI entity menu from ai_engine
10-03 23:33:28.004 23897 23897 I C03913/AceText: [data_detector_adapter.cpp(52)-(100000:100000:scope)] Get AI entity menu from ai_engine
10-03 23:33:28.004 23897 23897 I C03913/AceText: [data_detector_adapter.cpp(52)-(100000:100000:scope)] Get AI entity menu from ai_engine
10-03 23:33:28.004 23897 23897 I C03913/AceText: [data_detector_adapter.cpp(52)-(100000:100000:scope)] Get AI entity menu from ai_engine
10-03 23:33:28.004 23897 23897 I C03913/AceText: [data_detector_adapter.cpp(52)-(100000:100000:scope)] Get AI entity menu from ai_engine
10-03 23:33:28.005 23897 23897 W C01400/Vsync: PrintRequestTs: recv vsync timeout, from:WM_23897, now:11771186773227, fromRsTs:11770703584488, timeInterval:483188739ns
10-03 23:33:28.018 23897 24278 I C02b83/RendererInClientInnerPublic: [FlushAudioStream]Flush stream SUCCESS, sessionId: 100004
10-03 23:33:28.028 23897 24283 I C02b83/RendererInClientInnerPublic: [SetVolume][normal]sessionId:100004 volume:0.800000
10-03 23:33:28.028 23897 24283 I C02b86/OHAudioBufferBase: [SetStreamVolume]streamVolume:0.800000
10-03 23:33:28.033 23897 24283 I P02b83/RendererInClientInner: [SetInnerVolume]volume: 0.800000
10-03 23:33:28.033 23897 24273 I C02d06/XCollie: Start to open trace result: 1203, interval: 58 ms
10-03 23:33:28.037 23897 24278 I C02b83/AudioRenderer: StreamClientState for Renderer::Start. id: 100004, streamType: 1, volume: 0.800000, interruptMode: 0
10-03 23:33:28.037 23897 24278 I C02b83/AudioRenderer: [Start]isVKB: F
10-03 23:33:28.038 23897 24297 E C01406/OHOS::RS: QueryEglBufferAge: eglQuerySurface is failed
10-03 23:33:28.041 23897 24278 I C02b83/AudioRenderer: [IsAllowedStartBackground]AVSession IsAudioPlaybackAllowed is: 1
10-03 23:33:28.041 23897 24278 I C02b83/AudioRenderer: [Start]VolumeInfo for Renderer::Start. duckVolume: 1.000000, isMute: 0
10-03 23:33:28.136 23897 24286 I C02b83/RendererInClientInnerPublic: [OnOperationHandled]sessionId 100004 recv operation:0 result:0.
10-03 23:33:28.140 23897 24278 I C02b83/RendererInClientInnerPublic: [StartAudioStream]Start SUCCESS, sessionId: 100004, uid: 20010042
10-03 23:33:28.262 23897 24278 I C02b83/RendererInClientInnerPublic: [SafeSendCallbackEvent]code: 0, data: 2
10-03 23:33:28.267 23897 24318 E C02b8b/NapiAudioRendererCallback: [OnStateChange]Cannot find the reference of stateChange callback
10-03 23:33:28.342 23897 23897 I A03d00/JSAPP: TOUCHMAP_AUDIO_ONSET ms=870 target=seed kind=label adapter=AudioRendererPCM
10-03 23:33:28.434 23897 24278 W C02b83/RendererInClientInner: [DfxWriteInterval][[100004]NormalRenderer] write interval too long cost 137
10-03 23:33:28.506 23897 24283 W C02b83/RendererInClientInner: [DfxWriteInterval][[100004]NormalRenderer] write interval too long cost 64
10-03 23:33:28.972 23897 23897 I C02d66/Hiview-PerfMonitor: ProcessJank: JankFrameMonitor::ProcessJank jank >= threshold
10-03 23:33:29.076 23897 24278 W C02b83/RendererInClientInner: [DfxWriteInterval][[100004]NormalRenderer] write interval too long cost 563
10-03 23:33:29.078 23897 23897 I C03913/AceText: [data_detector_adapter.cpp(52)-(100000:100000:scope)] Get AI entity menu from ai_engine
10-03 23:33:29.138 23897 24283 W C02b83/RendererInClientInner: [DfxWriteInterval][[100004]NormalRenderer] write interval too long cost 60
10-03 23:33:29.152 23897 23897 W C01400/Vsync: PrintRequestTs: recv vsync timeout, from:WM_23897, now:11772334584253, fromRsTs:11771852479288, timeInterval:482104965ns
10-03 23:33:29.172 23897 23897 I C02d66/Hiview-PerfMonitor: ProcessJank: JankFrameMonitor::ProcessJank jank >= threshold
10-03 23:33:29.240 23897 24278 W C02b83/RendererInClientInner: [DfxWriteInterval][[100004]NormalRenderer] write interval too long cost 100
10-03 23:33:29.320 23897 24278 W C02b83/RendererInClientInner: [DfxWriteInterval][[100004]NormalRenderer] write interval too long cost 61
10-03 23:33:29.492 23897 23897 I C02805/InputKeyFlow: [P:D:3340|648]recv
10-03 23:33:29.492 23897 23897 I C04213/InputKeyFlow: input_transfer_station.cpp HandleInputEvent: eid:44,InputId:3340,wid:156,ac:2
10-03 23:33:29.496 23897 23897 I C03951/InputKeyFlow: [event_manager.cpp(194)-(100000:100000:scope)] ITK Id:3340, TTHNI:fId: 10000{ T: Scroll, iId: main-scroll, R: RectT (0.00, 195.00) - [360.00 x 453.00], D: 6 };{ T: Button, iId: , R: RectT (22.00, 982.00) - [316.00 x 58.00], D: 12 };
10-03 23:33:29.496 23897 23897 I C03951/InputKeyFlow: [event_manager.cpp(339)-(100000:100000:scope)] ITK Id:3340, TTHRTI: T ClickRecognizer info: { T: Scroll, iId: main-scroll }; { T: Button, iId:  };T PanRecognizer info: { T: Scroll, iId: main-scroll };
10-03 23:33:29.497 23897 23897 I C03945/AceStateStyle: [state_style_manager.cpp(91)-(100000:100000:scope)] Handle TouchDown event node: Button/380
10-03 23:33:29.498 23897 23897 I C0394b/AceScrollBar: [scroll_bar.cpp(417)-(100000:100000:scope)] inner scrollBar touch down, panDirection: 0
10-03 23:33:29.498 23897 23897 I C03919/AceInputTracking: [event_manager.cpp(2244)-(100000:100000:scope)] Consumed id:3340, last id:3338
10-03 23:33:29.539 23897 24297 E C01406/OHOS::RS: QueryEglBufferAge: eglQuerySurface is failed
10-03 23:33:29.553 23897 24297 E C01406/OHOS::RS: QueryEglBufferAge: eglQuerySurface is failed
10-03 23:33:29.597 23897 24297 E C01406/OHOS::RS: QueryEglBufferAge: eglQuerySurface is failed
10-03 23:33:29.601 23897 23897 I C02805/InputKeyFlow: [P:U:3341|648]recv
10-03 23:33:29.601 23897 23897 I C04213/InputKeyFlow: input_transfer_station.cpp HandleInputEvent: eid:45,InputId:3341,wid:156,ac:4
10-03 23:33:29.603 23897 23897 E C02d66/XPERF_SERVICE: [CheckClientValid]: Failed to get SystemAbility[XPERF_SA_ID].
10-03 23:33:29.603 23897 23897 I C03934/AceUIEvent: [ressched_touch_optimizer.cpp(775)-(100000:100000:scope)] TpFlush end by up event
10-03 23:33:29.604 23897 23897 I C03945/AceStateStyle: [state_style_manager.cpp(115)-(100000:100000:scope)] Handle TouchUp or Cancel event node: Button/380
10-03 23:33:29.606 23897 23897 I C0391e/AceGesture: [click_recognizer.cpp(336)-(100000:100000:scope)] Click try accept Scroll
10-03 23:33:29.606 23897 23897 I C0390b/AceScrollable: [scrollable_event.cpp(159)-(100000:100000:scope)] Scrollable GestureJudge:0, 0
10-03 23:33:29.606 23897 23897 I C0391e/AceGesture: [click_recognizer.cpp(350)-(100000:100000:scope)] Click gesture judge reject
10-03 23:33:29.606 23897 23897 I C0391e/AceGesture: [click_recognizer.cpp(336)-(100000:100000:scope)] Click try accept Button
10-03 23:33:29.606 23897 23897 I C03951/InputKeyFlow: [click_recognizer.cpp(200)-(100000:100000:scope)] CLK RACC, T: Button
10-03 23:33:29.609 23897 23897 I C03919/AceInputTracking: [event_manager.cpp(2244)-(100000:100000:scope)] Consumed id:3341, last id:3338
10-03 23:33:29.637 23897 23897 I C03913/AceText: [data_detector_adapter.cpp(52)-(100000:100000:scope)] Get AI entity menu from ai_engine
10-03 23:33:29.640 23897 23897 I C03913/AceText: [data_detector_adapter.cpp(52)-(100000:100000:scope)] Get AI entity menu from ai_engine
10-03 23:33:29.640 23897 23897 I C03913/AceText: [data_detector_adapter.cpp(52)-(100000:100000:scope)] Get AI entity menu from ai_engine
10-03 23:33:29.640 23897 23897 I C03913/AceText: [data_detector_adapter.cpp(52)-(100000:100000:scope)] Get AI entity menu from ai_engine
10-03 23:33:29.640 23897 23897 I C03913/AceText: [data_detector_adapter.cpp(52)-(100000:100000:scope)] Get AI entity menu from ai_engine
10-03 23:33:29.640 23897 23897 I C03913/AceText: [data_detector_adapter.cpp(52)-(100000:100000:scope)] Get AI entity menu from ai_engine
10-03 23:33:29.645 23897 24283 W C02b82/AudioLogUtils: [ProcessVolumeData][[100004]RendererInClient] not slient 34frames change to slient
10-03 23:33:29.647 23897 24297 E C01406/OHOS::RS: RSRenderNodeDrawableAdapter::OnGenerate, node type 129 is not supported
10-03 23:33:29.647 23897 24297 E C01406/OHOS::RS: RSRenderNodeDrawableAdapter::OnGenerate, node type 129 is not supported
10-03 23:33:29.647 23897 24297 E C01406/OHOS::RS: RSRenderNodeDrawableAdapter::OnGenerate, node type 129 is not supported
10-03 23:33:29.647 23897 24297 E C01406/OHOS::RS: RSRenderNodeDrawableAdapter::OnGenerate, node type 129 is not supported
10-03 23:33:29.647 23897 24297 E C01406/OHOS::RS: RSRenderNodeDrawableAdapter::OnGenerate, node type 129 is not supported
10-03 23:33:29.647 23897 24297 E C01406/OHOS::RS: RSRenderNodeDrawableAdapter::OnGenerate, node type 129 is not supported
10-03 23:33:29.647 23897 24297 E C01406/OHOS::RS: RSRenderNodeDrawableAdapter::OnGenerate, node type 129 is not supported
10-03 23:33:29.647 23897 24297 E C01406/OHOS::RS: RSRenderNodeDrawableAdapter::OnGenerate, node type 129 is not supported
10-03 23:33:29.647 23897 24297 E C01406/OHOS::RS: RSRenderNodeDrawableAdapter::OnGenerate, node type 129 is not supported
10-03 23:33:29.647 23897 24297 E C01406/OHOS::RS: RSRenderNodeDrawableAdapter::OnGenerate, node type 129 is not supported
10-03 23:33:29.647 23897 24297 E C01406/OHOS::RS: RSRenderNodeDrawableAdapter::OnGenerate, node type 129 is not supported
10-03 23:33:29.647 23897 24297 E C01406/OHOS::RS: RSRenderNodeDrawableAdapter::OnGenerate, node type 129 is not supported
10-03 23:33:29.647 23897 24297 E C01406/OHOS::RS: RSRenderNodeDrawableAdapter::OnGenerate, node type 129 is not supported
10-03 23:33:29.647 23897 24297 E C01406/OHOS::RS: RSRenderNodeDrawableAdapter::OnGenerate, node type 129 is not supported
10-03 23:33:29.647 23897 24297 E C01406/OHOS::RS: RSRenderNodeDrawableAdapter::OnGenerate, node type 129 is not supported
10-03 23:33:29.647 23897 24297 E C01406/OHOS::RS: RSRenderNodeDrawableAdapter::OnGenerate, node type 129 is not supported
10-03 23:33:29.647 23897 24297 E C01406/OHOS::RS: RSRenderNodeDrawableAdapter::OnGenerate, node type 129 is not supported
10-03 23:33:29.647 23897 24297 E C01406/OHOS::RS: RSRenderNodeDrawableAdapter::OnGenerate, node type 129 is not supported
10-03 23:33:29.647 23897 24297 E C01406/OHOS::RS: RSRenderNodeDrawableAdapter::OnGenerate, node type 129 is not supported
10-03 23:33:29.647 23897 24297 E C01406/OHOS::RS: RSRenderNodeDrawableAdapter::OnGenerate, node type 129 is not supported
10-03 23:33:29.651 23897 24297 E C01406/OHOS::RS: QueryEglBufferAge: eglQuerySurface is failed
10-03 23:33:29.751 23897 24283 W C02b82/AudioLogUtils: [ProcessVolumeData][[100004]RendererInClient] slient 2frames change to not slient
10-03 23:33:29.752 23897 24278 I C02b83/RendererInClientInner: [DrainAudioStreamInner]stopFlag:0
10-03 23:33:29.758 23897 24521 I C02b83/RendererInClientInnerPublic: [OnOperationHandled]sessionId 100004 recv operation:5 result:0.
10-03 23:33:29.758 23897 24278 I C02b83/RendererInClientInner: [DrainAudioStreamInner]Drain stream SUCCESS, sessionId: 100004
10-03 23:33:29.763 23897 23897 E C02701/IMiscdeviceServiceIdl: Read result failed, code is: 4.
10-03 23:33:29.763 23897 23897 E C02701/VibratorNDK: in CancelEnhanced StopVibrator failed, ret:-1
10-03 23:33:29.764 23897 24283 I C02b83/AudioRenderer: StreamClientState for Renderer::Pause. id: 100004
10-03 23:33:29.764 23897 23897 W C01320/JsEnv: [source_map145]the stack without line info
10-03 23:33:29.782 23897 23897 I C03913/AceText: [data_detector_adapter.cpp(52)-(100000:100000:scope)] Get AI entity menu from ai_engine
10-03 23:33:29.796 23897 24297 E C01406/OHOS::RS: QueryEglBufferAge: eglQuerySurface is failed
10-03 23:33:29.826 23897 24521 I C02b83/RendererInClientInnerPublic: [OnOperationHandled]sessionId 100004 recv operation:1 result:0.
10-03 23:33:29.826 23897 24283 I C02b83/RendererInClientInnerPublic: [SafeSendCallbackEvent]code: 0, data: 5
10-03 23:33:29.826 23897 24283 I C02b83/RendererInClientInnerPublic: [PauseAudioStream]Pause SUCCESS, sessionId 100004, uid 20010042, mode RENDER_MODE_NORMAL
10-03 23:33:29.827 23897 24318 E C02b8b/NapiAudioRendererCallback: [OnStateChange]Cannot find the reference of stateChange callback
10-03 23:33:29.835 23897 24283 I C02b83/RendererInClientInnerPublic: [SetDuckVolume]sessionId:100004 SetDuck:1.000000
10-03 23:33:29.840 23897 24521 I C02b83/RendererInClientInnerPublic: [OnOperationHandled]sessionId 100004 recv operation:4 result:0.
10-03 23:33:29.844 23897 24278 I C02b83/RendererInClientInnerPublic: [FlushAudioStream]Flush stream SUCCESS, sessionId: 100004
10-03 23:33:29.847 23897 24521 I C02b83/RendererInClientInnerPublic: [OnOperationHandled]sessionId 100004 recv operation:4 result:0.
10-03 23:33:29.852 23897 24283 I C02b83/RendererInClientInnerPublic: [FlushAudioStream]Flush stream SUCCESS, sessionId: 100004
10-03 23:33:30.830 23897 24268 I C02d06/XCollie: success to submit dump trace
10-03 23:33:30.830 23897 24268 I C02d06/XCollie: Detect collect trace task complete.
10-03 23:33:30.830 23897 24273 I C02d06/XCollie: Start to dump trace failed, openTrace result: 1203
10-03 23:33:32.584 23897 24521 I C01d02/accessibility_asacfwk: [accessibility_system_ability_client_impl.cpp(NotifyStateChanged:709)]observers size is 2
10-03 23:33:32.584 23897 24521 I C01d10/accessibility_napi: [napi_accessibility_system_ability_client.cpp(OnStateChanged:1885)]
10-03 23:33:32.585 23897 24521 I C01d02/accessibility_asacfwk: [accessibility_system_ability_client_impl.cpp(NotifyStateChanged:709)]observers size is 0
10-03 23:33:32.585 23897 24521 I C01d02/accessibility_asacfwk: [accessibility_system_ability_client_impl.cpp(NotifyStateChanged:709)]observers size is 1
10-03 23:33:32.585 23897 24521 I C01d02/accessibility_asacfwk: [accessibility_system_ability_client_impl.cpp(NotifyStateChanged:709)]observers size is 0
10-03 23:33:32.585 23897 23897 I C01d02/accessibility_asacfwk: [accessibility_system_ability_client_impl.cpp(RegisterElementOperator:392)]Register windowId[156] start
10-03 23:33:32.602 23897 24521 I C01d02/accessibility_asacfwk: [accessibility_system_ability_client_impl.cpp(NotifyStateChanged:709)]observers size is 1
10-03 23:33:34.614 23897 24521 I C01d02/accessibility_asacfwk: [accessibility_system_ability_client_impl.cpp(NotifyStateChanged:709)]observers size is 2
10-03 23:33:34.614 23897 24521 I C01d10/accessibility_napi: [napi_accessibility_system_ability_client.cpp(OnStateChanged:1885)]
10-03 23:33:34.614 23897 24521 I C01d02/accessibility_asacfwk: [accessibility_system_ability_client_impl.cpp(NotifyStateChanged:709)]observers size is 0
10-03 23:33:34.614 23897 24521 I C01d02/accessibility_asacfwk: [accessibility_system_ability_client_impl.cpp(NotifyStateChanged:709)]observers size is 1
10-03 23:33:34.614 23897 24521 I C01d02/accessibility_asacfwk: [accessibility_system_ability_client_impl.cpp(NotifyStateChanged:709)]observers size is 0
10-03 23:33:34.615 23897 23897 I C01d02/accessibility_asacfwk: [accessibility_system_ability_client_impl.cpp(DeregisterElementOperator:471)]Deregister windowId[156] start
10-03 23:33:34.662 23897 24521 I C01d02/accessibility_asacfwk: [accessibility_system_ability_client_impl.cpp(NotifyStateChanged:709)]observers size is 1
10-03 23:33:35.407 23897 23897 I C02805/InputKeyFlow: [P:D:3342|648]recv
10-03 23:33:35.408 23897 23897 I C04213/InputKeyFlow: input_transfer_station.cpp HandleInputEvent: eid:46,InputId:3342,wid:156,ac:2
10-03 23:33:35.417 23897 23897 I C03951/InputKeyFlow: [event_manager.cpp(194)-(100000:100000:scope)] ITK Id:3342, TTHNI:fId: 10000{ T: Button, iId: nav-library, R: RectT (20.00, 0.00) - [160.00 x 49.00], D: 7 };
10-03 23:33:35.417 23897 23897 I C03951/InputKeyFlow: [event_manager.cpp(339)-(100000:100000:scope)] ITK Id:3342, TTHRTI: T ClickRecognizer info: { T: Button, iId: nav-library };
10-03 23:33:35.419 23897 23897 I C03945/AceStateStyle: [state_style_manager.cpp(91)-(100000:100000:scope)] Handle TouchDown event node: Button/14
10-03 23:33:35.437 23897 23897 I C03919/AceInputTracking: [event_manager.cpp(2244)-(100000:100000:scope)] Consumed id:3342, last id:3338
10-03 23:33:35.465 23897 24297 E C01406/OHOS::RS: QueryEglBufferAge: eglQuerySurface is failed
10-03 23:33:35.534 23897 23897 I C02805/InputKeyFlow: [P:U:3343|648]recv
10-03 23:33:35.535 23897 23897 I C04213/InputKeyFlow: input_transfer_station.cpp HandleInputEvent: eid:47,InputId:3343,wid:156,ac:4
10-03 23:33:35.537 23897 23897 E C02d66/XPERF_SERVICE: [CheckClientValid]: Failed to get SystemAbility[XPERF_SA_ID].
10-03 23:33:35.540 23897 23897 I C03934/AceUIEvent: [ressched_touch_optimizer.cpp(775)-(100000:100000:scope)] TpFlush end by up event
10-03 23:33:35.543 23897 23897 I C03945/AceStateStyle: [state_style_manager.cpp(115)-(100000:100000:scope)] Handle TouchUp or Cancel event node: Button/14
10-03 23:33:35.552 23897 23897 I C0391e/AceGesture: [click_recognizer.cpp(336)-(100000:100000:scope)] Click try accept Button
10-03 23:33:35.553 23897 23897 I C03951/InputKeyFlow: [click_recognizer.cpp(200)-(100000:100000:scope)] CLK RACC, T: Button
10-03 23:33:35.555 23897 24297 E C01406/OHOS::RS: QueryEglBufferAge: eglQuerySurface is failed
10-03 23:33:35.569 23897 23897 E C02701/IMiscdeviceServiceIdl: Read result failed, code is: 4.
10-03 23:33:35.570 23897 23897 E C02701/VibratorNDK: in CancelEnhanced StopVibrator failed, ret:-1
10-03 23:33:35.578 23897 23897 E C02701/IMiscdeviceServiceIdl: Read result failed, code is: 4.
10-03 23:33:35.579 23897 23897 E C02701/VibratorNDK: in CancelEnhanced StopVibrator failed, ret:-1
10-03 23:33:35.586 23897 23897 I C0390b/AceScrollable: [scroll_pattern.cpp(720)-(100000:100000:scope)] UpdateCurrentOffset==>[HandleCrashTop();]
10-03 23:33:35.612 23897 24521 I C02b83/RendererInClientInnerPublic: [OnOperationHandled]sessionId 100004 recv operation:4 result:0.
10-03 23:33:35.619 23897 23897 I C03919/AceInputTracking: [event_manager.cpp(2244)-(100000:100000:scope)] Consumed id:3343, last id:3338
10-03 23:33:35.628 23897 24297 E C01406/OHOS::RS: QueryEglBufferAge: eglQuerySurface is failed
10-03 23:33:35.646 23897 24283 I C02b83/RendererInClientInnerPublic: [FlushAudioStream]Flush stream SUCCESS, sessionId: 100004
10-03 23:33:35.762 23897 23897 W C01320/JsEnv: [source_map145]the stack without line info
10-03 23:33:35.763 23897 24521 I C02b83/RendererInClientInnerPublic: [OnOperationHandled]sessionId 100004 recv operation:4 result:0.
10-03 23:33:35.766 23897 23897 W C01320/JsEnv: [source_map145]the stack without line info
10-03 23:33:35.780 23897 24278 I C02b83/RendererInClientInnerPublic: [FlushAudioStream]Flush stream SUCCESS, sessionId: 100004
10-03 23:33:39.324 23897 24268 W C01310/AppDfr: [appfreeze_inner499]hisysevent write FREEZE_HALF_HIVIEW_LOG, pid:23897, packageName:, ret:0
10-03 23:33:39.338 23897 24268 I C01310/AppDfr: [appfreeze_inner345]start to sample freeze stack, eventName:THREAD_BLOCK_3S
10-03 23:33:39.340 23897 24268 W C01310/AppDfr: [appfreeze_inner377]submit reportAppFreeze, name:THREAD_BLOCK_3S, startTime:2026-10-03 23:33:39.339
10-03 23:33:39.343 23897 24283 I C01201/EventHandler: EventHandler start dumper!
10-03 23:33:39.343 23897 24268 E C02d06/XCollie: ThreadSampler initialize failed.
10-03 23:33:39.343 23897 24268 I C02d06/XCollie: Freeze collect stack task complete.
10-03 23:33:39.347 23897 24283 I C01201/EventHandler: EventHandler end dumper!
10-03 23:33:39.347 23897 24283 W C01310/AppDfr: [appfreeze_inner422]get mainhandler dump, eventName:THREAD_BLOCK_3S, endTime:2026-10-03 23:33:39.347, interval:5 ms
10-03 23:33:39.348 23897 24283 I C01310/AppDfr: [appfreeze_inner227]not to get application info
10-03 23:33:39.348 23897 24283 W C01310/AppDfr: [appfreeze_inner527]NotifyAppFault:THREAD_BLOCK_3S, pid:23897, bundleName:org.touchmap.app currentTime:2026-10-03 23:33:39.348, processExit:1 appfreezeInfo: enbleMainThreadSample:0.
10-03 23:33:39.349 23897 24283 I C01311/AppMS: [app_mgr_proxy1474]called
10-03 23:33:39.361 23897 24266 W C03f07/MUSL-SIGCHAIN: signal_chain_handler call 0 rd sigchain action for signal: 35 sca_sigaction=7f81f7f08e70 noreturn=0 FREEZE_signo_35 thread_list_lock_status:0 tl_lock_count=0 tl_lock_waiters=0 tl_lock_tid_fail=-1 tl_lock_count_tid=143 tl_lock_count_fail=-10000 tl_lock_count_tid_sub=143 thread_list_lock_after_lock=23897 thread_list_lock_pre_unlock=23897 thread_list_lock_pthread_exit=24867 thread_list_lock_tid_overlimit=-1 tl_lock_unlock_count=0 __pthread_gettid_np_tl_lock=0 __pthread_exit_tl_lock=0 __pthread_create_tl_lock=0 __pthread_key_delete_tl_lock=0 __synccall_tl_lock=0 __membarrier_tl_lock=0 install_new_tls_tl_lock=0 set_syscall_hooks_tl_lock=0 set_syscall_hooks_linux_tl_lock=0 fork_tl_lock=0 register_count=0 __custom_hook_flag=0g_dlcloseLockStatus=0g_dlcloseLockLastExitTid=24297
10-03 23:33:39.361 23897 24266 I C02d11/DfxSignalHandler: DFX_SignalHandler :: signo(35), si_code(-2), pid(23897), tid(24266).
10-03 23:33:39.361 23897 24266 I C02d11/DfxSignalHandler: DFX_SignalHandler :: signo(35), pid(23897), processName(org.touchmap.app), threadName(OS_IPC_0_24266).
10-03 23:33:40.567 23897 25092 W C057c1/IPCWorkThread: ThreadHandler: proto:0 policy:0 name:OS_IPC_4_25092 invoker:1266784
10-03 23:33:42.321 23897 24268 W C01310/AppDfr: [watchdog128]get hitrace id is invalid.
10-03 23:33:42.364 23897 24268 W C02d06/XCollie: get lastest freeze file: , interval: 11785545.
10-03 23:33:42.365 23897 24268 I C01310/AppDfr: [appfreeze_inner355]stop to sample freeze stack, eventName:THREAD_BLOCK_6S freezeFile: enbleMainThreadSample:0.
10-03 23:33:42.366 23897 24268 W C01310/AppDfr: [appfreeze_inner377]submit reportAppFreeze, name:THREAD_BLOCK_6S, startTime:2026-10-03 23:33:42.366
10-03 23:33:42.381 23897 24278 I C01201/EventHandler: EventHandler start dumper!
10-03 23:33:42.499 23897 24278 I C01201/EventHandler: EventHandler end dumper!
10-03 23:33:42.521 23897 24278 W C01310/AppDfr: [appfreeze_inner422]get mainhandler dump, eventName:THREAD_BLOCK_6S, endTime:2026-10-03 23:33:42.520, interval:140 ms
10-03 23:33:42.525 23897 24278 I C01310/AppDfr: [appfreeze_inner257]heap info: HEAP_TOTAL_SIZE:14155776,HEAP_OBJECT_SIZE:11939296, process lifeTime: PROCESS_LIFETIME:966s
10-03 23:33:42.677 23897 24278 W C01310/AppDfr: [appfreeze_inner527]NotifyAppFault:THREAD_BLOCK_6S, pid:23897, bundleName:org.touchmap.app currentTime:2026-10-03 23:33:42.677, processExit:1 appfreezeInfo: enbleMainThreadSample:0.
10-03 23:33:42.680 23897 24278 I C01311/AppMS: [app_mgr_proxy1474]called
10-03 23:33:42.757 23897 24267 W C03f07/MUSL-SIGCHAIN: signal_chain_handler call 0 rd sigchain action for signal: 35 sca_sigaction=7f81f7f08e70 noreturn=0 FREEZE_signo_35 thread_list_lock_status:0 tl_lock_count=0 tl_lock_waiters=0 tl_lock_tid_fail=-1 tl_lock_count_tid=143 tl_lock_count_fail=-10000 tl_lock_count_tid_sub=143 thread_list_lock_after_lock=24267 thread_list_lock_pre_unlock=24267 thread_list_lock_pthread_exit=24867 thread_list_lock_tid_overlimit=-1 tl_lock_unlock_count=0 __pthread_gettid_np_tl_lock=0 __pthread_exit_tl_lock=0 __pthread_create_tl_lock=0 __pthread_key_delete_tl_lock=0 __synccall_tl_lock=0 __membarrier_tl_lock=0 install_new_tls_tl_lock=0 set_syscall_hooks_tl_lock=0 set_syscall_hooks_linux_tl_lock=0 fork_tl_lock=0 register_count=0 __custom_hook_flag=0g_dlcloseLockStatus=0g_dlcloseLockLastExitTid=24297
10-03 23:33:42.757 23897 24267 I C02d11/DfxSignalHandler: DFX_SignalHandler :: signo(35), si_code(-2), pid(23897), tid(24267).
10-03 23:33:42.763 23897 24266 E C02d11/DfxSignalHandler: dummy exit with error(22)
10-03 23:33:42.763 23897 24266 E C02d11/DfxSignalHandler: start processdump fail
10-03 23:33:42.763 23897 24266 I C02d11/DfxSignalHandler: Finish handle signal(35) in 23897:24266.
10-03 23:33:42.763 23897 24266 W C03f07/MUSL-SIGCHAIN: signal_chain_handler call 0 rd sigchain action for signal: 35 directly return
10-03 23:33:42.763 23897 24267 I C02d11/DfxSignalHandler: DFX_SignalHandler :: signo(35), pid(23897), processName(org.touchmap.app), threadName(OS_IPC_1_24267).
10-03 23:33:42.762 23897 24278 I C01356/Recovery: [app_recovery189]begin
10-03 23:33:42.763 23897 24278 E C01356/Recovery: [app_recovery176]not enabled
10-03 23:33:42.763 23897 24278 I C01356/Recovery: [app_recovery269]scheduleRecoverApp  begin
10-03 23:33:42.796 23897 25096 W C057c1/IPCWorkThread: ThreadHandler: proto:0 policy:0 name:OS_IPC_5_25096 invoker:1271392
10-03 23:33:42.810 23897 23897 I C02d66/Hiview-PerfMonitor: ProcessJank: JankFrameMonitor::ProcessJank jank >= threshold
10-03 23:33:42.812 23897 24297 E C01406/OHOS::RS: RSRenderNodeDrawableAdapter::OnGenerate, node type 129 is not supported
10-03 23:33:42.812 23897 24297 E C01406/OHOS::RS: RSRenderNode::InitRenderParams failed
10-03 23:33:42.812 23897 24297 E C01406/OHOS::RS: RSRenderNodeDrawableAdapter::OnGenerate, node type 129 is not supported
10-03 23:33:42.812 23897 24297 E C01406/OHOS::RS: RSRenderNode::InitRenderParams failed
10-03 23:33:42.813 23897 24297 E C01406/OHOS::RS: RSRenderNodeDrawableAdapter::OnGenerate, node type 129 is not supported
10-03 23:33:42.813 23897 24297 E C01406/OHOS::RS: RSRenderNode::InitRenderParams failed
10-03 23:33:42.813 23897 24297 E C01406/OHOS::RS: RSRenderNodeDrawableAdapter::OnGenerate, node type 129 is not supported
10-03 23:33:42.813 23897 24297 E C01406/OHOS::RS: RSRenderNode::InitRenderParams failed
10-03 23:33:42.813 23897 24297 E C01406/OHOS::RS: RSRenderNodeDrawableAdapter::OnGenerate, node type 129 is not supported
10-03 23:33:42.813 23897 24297 E C01406/OHOS::RS: RSRenderNode::InitRenderParams failed
10-03 23:33:42.813 23897 24297 E C01406/OHOS::RS: RSRenderNodeDrawableAdapter::OnGenerate, node type 129 is not supported
10-03 23:33:42.813 23897 24297 E C01406/OHOS::RS: RSRenderNode::InitRenderParams failed
10-03 23:33:42.813 23897 24297 E C01406/OHOS::RS: RSRenderNodeDrawableAdapter::OnGenerate, node type 129 is not supported
10-03 23:33:42.813 23897 24297 E C01406/OHOS::RS: RSRenderNode::InitRenderParams failed
10-03 23:33:42.813 23897 24297 E C01406/OHOS::RS: RSRenderNodeDrawableAdapter::OnGenerate, node type 129 is not supported
10-03 23:33:42.813 23897 24297 E C01406/OHOS::RS: RSRenderNode::InitRenderParams failed
10-03 23:33:42.813 23897 23897 I C02d06/XCollie: BlockMonitor event name: vSyncTask, Duration Time: 7040 ms
10-03 23:33:42.814 23897 24297 E C01406/OHOS::RS: RSRenderNodeDrawableAdapter::OnGenerate, node type 129 is not supported
10-03 23:33:42.814 23897 24297 E C01406/OHOS::RS: RSRenderNode::InitRenderParams failed
10-03 23:33:42.814 23897 24297 E C01406/OHOS::RS: RSRenderNodeDrawableAdapter::OnGenerate, node type 129 is not supported
10-03 23:33:42.814 23897 24297 E C01406/OHOS::RS: RSRenderNode::InitRenderParams failed
10-03 23:33:42.814 23897 24297 E C01406/OHOS::RS: RSRenderNodeDrawableAdapter::OnGenerate, node type 129 is not supported
10-03 23:33:42.814 23897 24297 E C01406/OHOS::RS: RSRenderNode::InitRenderParams failed
10-03 23:33:42.814 23897 24297 E C01406/OHOS::RS: RSRenderNodeDrawableAdapter::OnGenerate, node type 129 is not supported
10-03 23:33:42.814 23897 24297 E C01406/OHOS::RS: RSRenderNode::InitRenderParams failed
10-03 23:33:42.814 23897 24297 E C01406/OHOS::RS: RSRenderNodeDrawableAdapter::OnGenerate, node type 129 is not supported
10-03 23:33:42.814 23897 24297 E C01406/OHOS::RS: RSRenderNode::InitRenderParams failed
10-03 23:33:42.814 23897 24297 E C01406/OHOS::RS: RSRenderNodeDrawableAdapter::OnGenerate, node type 129 is not supported
10-03 23:33:42.814 23897 24297 E C01406/OHOS::RS: RSRenderNode::InitRenderParams failed
10-03 23:33:42.815 23897 24297 E C01406/OHOS::RS: RSRenderNodeDrawableAdapter::OnGenerate, node type 129 is not supported
10-03 23:33:42.815 23897 24297 E C01406/OHOS::RS: RSRenderNode::InitRenderParams failed
10-03 23:33:42.815 23897 24297 E C01406/OHOS::RS: RSRenderNodeDrawableAdapter::OnGenerate, node type 129 is not supported
10-03 23:33:42.815 23897 24297 E C01406/OHOS::RS: RSRenderNode::InitRenderParams failed
10-03 23:33:42.815 23897 24297 E C01406/OHOS::RS: RSRenderNodeDrawableAdapter::OnGenerate, node type 129 is not supported
10-03 23:33:42.815 23897 24297 E C01406/OHOS::RS: RSRenderNode::InitRenderParams failed
10-03 23:33:42.815 23897 24297 E C01406/OHOS::RS: RSRenderNodeDrawableAdapter::OnGenerate, node type 129 is not supported
10-03 23:33:42.815 23897 24297 E C01406/OHOS::RS: RSRenderNode::InitRenderParams failed
10-03 23:33:42.815 23897 24297 E C01406/OHOS::RS: RSRenderNodeDrawableAdapter::OnGenerate, node type 129 is not supported
10-03 23:33:42.815 23897 24297 E C01406/OHOS::RS: RSRenderNode::InitRenderParams failed
10-03 23:33:42.815 23897 24297 E C01406/OHOS::RS: RSRenderNodeDrawableAdapter::OnGenerate, node type 129 is not supported
10-03 23:33:42.815 23897 24297 E C01406/OHOS::RS: RSRenderNode::InitRenderParams failed
10-03 23:33:42.815 23897 24297 E C01406/OHOS::RS: RSRenderNodeDrawableAdapter::OnGenerate, node type 129 is not supported
10-03 23:33:42.815 23897 24297 E C01406/OHOS::RS: RSRenderNode::InitRenderParams failed
10-03 23:33:42.815 23897 24297 E C01406/OHOS::RS: RSRenderNodeDrawableAdapter::OnGenerate, node type 129 is not supported
10-03 23:33:42.815 23897 24297 E C01406/OHOS::RS: RSRenderNode::InitRenderParams failed
10-03 23:33:42.816 23897 24297 E C01406/OHOS::RS: RSRenderNodeDrawableAdapter::OnGenerate, node type 129 is not supported
10-03 23:33:42.816 23897 24297 E C01406/OHOS::RS: RSRenderNode::InitRenderParams failed
10-03 23:33:42.816 23897 24297 E C01406/OHOS::RS: RSRenderNodeDrawableAdapter::OnGenerate, node type 129 is not supported
10-03 23:33:42.816 23897 24297 E C01406/OHOS::RS: RSRenderNode::InitRenderParams failed
10-03 23:33:42.816 23897 24297 E C01406/OHOS::RS: RSRenderNodeDrawableAdapter::OnGenerate, node type 129 is not supported
10-03 23:33:42.816 23897 24297 E C01406/OHOS::RS: RSRenderNode::InitRenderParams failed
10-03 23:33:42.816 23897 24297 E C01406/OHOS::RS: RSRenderNodeDrawableAdapter::OnGenerate, node type 129 is not supported
10-03 23:33:42.816 23897 24297 E C01406/OHOS::RS: RSRenderNode::InitRenderParams failed
10-03 23:33:42.816 23897 24297 E C01406/OHOS::RS: RSRenderNodeDrawableAdapter::OnGenerate, node type 129 is not supported
10-03 23:33:42.816 23897 24297 E C01406/OHOS::RS: RSRenderNode::InitRenderParams failed
10-03 23:33:42.816 23897 24297 E C01406/OHOS::RS: RSRenderNodeDrawableAdapter::OnGenerate, node type 129 is not supported
10-03 23:33:42.816 23897 24297 E C01406/OHOS::RS: RSRenderNode::InitRenderParams failed
10-03 23:33:42.817 23897 24297 E C01406/OHOS::RS: RSRenderNodeDrawableAdapter::OnGenerate, node type 129 is not supported
10-03 23:33:42.817 23897 24297 E C01406/OHOS::RS: RSRenderNode::InitRenderParams failed
10-03 23:33:42.817 23897 24297 E C01406/OHOS::RS: RSRenderNodeDrawableAdapter::OnGenerate, node type 129 is not supported
10-03 23:33:42.817 23897 24297 E C01406/OHOS::RS: RSRenderNode::InitRenderParams failed
10-03 23:33:42.817 23897 24297 E C01406/OHOS::RS: RSRenderNodeDrawableAdapter::OnGenerate, node type 129 is not supported
10-03 23:33:42.817 23897 24297 E C01406/OHOS::RS: RSRenderNode::InitRenderParams failed
10-03 23:33:42.817 23897 24297 E C01406/OHOS::RS: RSRenderNodeDrawableAdapter::OnGenerate, node type 129 is not supported
10-03 23:33:42.817 23897 24297 E C01406/OHOS::RS: RSRenderNode::InitRenderParams failed
10-03 23:33:42.817 23897 24297 E C01406/OHOS::RS: RSRenderNodeDrawableAdapter::OnGenerate, node type 129 is not supported
10-03 23:33:42.817 23897 24297 E C01406/OHOS::RS: RSRenderNode::InitRenderParams failed
10-03 23:33:42.817 23897 24297 E C01406/OHOS::RS: RSRenderNodeDrawableAdapter::OnGenerate, node type 129 is not supported
10-03 23:33:42.818 23897 24297 E C01406/OHOS::RS: RSRenderNode::InitRenderParams failed
10-03 23:33:42.818 23897 24297 E C01406/OHOS::RS: RSRenderNodeDrawableAdapter::OnGenerate, node type 129 is not supported
10-03 23:33:42.818 23897 24297 E C01406/OHOS::RS: RSRenderNode::InitRenderParams failed
10-03 23:33:42.818 23897 24297 E C01406/OHOS::RS: RSRenderNodeDrawableAdapter::OnGenerate, node type 129 is not supported
10-03 23:33:42.818 23897 24297 E C01406/OHOS::RS: RSRenderNode::InitRenderParams failed
10-03 23:33:42.818 23897 24297 E C01406/OHOS::RS: RSRenderNodeDrawableAdapter::OnGenerate, node type 129 is not supported
10-03 23:33:42.818 23897 24297 E C01406/OHOS::RS: RSRenderNode::InitRenderParams failed
10-03 23:33:42.818 23897 24297 E C01406/OHOS::RS: RSRenderNodeDrawableAdapter::OnGenerate, node type 129 is not supported
10-03 23:33:42.818 23897 24297 E C01406/OHOS::RS: RSRenderNode::InitRenderParams failed
10-03 23:33:42.818 23897 24297 E C01406/OHOS::RS: RSRenderNodeDrawableAdapter::OnGenerate, node type 129 is not supported
10-03 23:33:42.818 23897 24297 E C01406/OHOS::RS: RSRenderNode::InitRenderParams failed
10-03 23:33:42.818 23897 24297 E C01406/OHOS::RS: RSRenderNodeDrawableAdapter::OnGenerate, node type 129 is not supported
10-03 23:33:42.818 23897 24297 E C01406/OHOS::RS: RSRenderNode::InitRenderParams failed
10-03 23:33:42.819 23897 24297 E C01406/OHOS::RS: RSRenderNodeDrawableAdapter::OnGenerate, node type 129 is not supported
10-03 23:33:42.819 23897 24297 E C01406/OHOS::RS: RSRenderNode::InitRenderParams failed
10-03 23:33:42.819 23897 24297 E C01406/OHOS::RS: RSRenderNodeDrawableAdapter::OnGenerate, node type 129 is not supported
10-03 23:33:42.819 23897 24297 E C01406/OHOS::RS: RSRenderNode::InitRenderParams failed
10-03 23:33:42.819 23897 24297 E C01406/OHOS::RS: RSRenderNodeDrawableAdapter::OnGenerate, node type 129 is not supported
10-03 23:33:42.819 23897 24297 E C01406/OHOS::RS: RSRenderNode::InitRenderParams failed
10-03 23:33:42.819 23897 24297 E C01406/OHOS::RS: RSRenderNodeDrawableAdapter::OnGenerate, node type 129 is not supported
10-03 23:33:42.819 23897 24297 E C01406/OHOS::RS: RSRenderNode::InitRenderParams failed
10-03 23:33:42.819 23897 24297 E C01406/OHOS::RS: RSRenderNodeDrawableAdapter::OnGenerate, node type 129 is not supported
10-03 23:33:42.819 23897 24297 E C01406/OHOS::RS: RSRenderNode::InitRenderParams failed
10-03 23:33:42.819 23897 24297 E C01406/OHOS::RS: RSRenderNodeDrawableAdapter::OnGenerate, node type 129 is not supported
10-03 23:33:42.819 23897 24297 E C01406/OHOS::RS: RSRenderNode::InitRenderParams failed
10-03 23:33:42.819 23897 24297 E C01406/OHOS::RS: RSRenderNodeDrawableAdapter::OnGenerate, node type 129 is not supported
10-03 23:33:42.819 23897 24297 E C01406/OHOS::RS: RSRenderNode::InitRenderParams failed
10-03 23:33:42.819 23897 24297 E C01406/OHOS::RS: RSRenderNodeDrawableAdapter::OnGenerate, node type 129 is not supported
10-03 23:33:42.819 23897 24297 E C01406/OHOS::RS: RSRenderNode::InitRenderParams failed
10-03 23:33:42.819 23897 24297 E C01406/OHOS::RS: RSRenderNodeDrawableAdapter::OnGenerate, node type 129 is not supported
10-03 23:33:42.819 23897 24297 E C01406/OHOS::RS: RSRenderNode::InitRenderParams failed
10-03 23:33:42.820 23897 24297 E C01406/OHOS::RS: RSRenderNodeDrawableAdapter::OnGenerate, node type 129 is not supported
10-03 23:33:42.820 23897 24297 E C01406/OHOS::RS: RSRenderNode::InitRenderParams failed
10-03 23:33:42.820 23897 24297 E C01406/OHOS::RS: RSRenderNodeDrawableAdapter::OnGenerate, node type 129 is not supported
10-03 23:33:42.820 23897 24297 E C01406/OHOS::RS: RSRenderNode::InitRenderParams failed
10-03 23:33:42.820 23897 23897 I C03913/AceText: [data_detector_adapter.cpp(52)-(100000:100000:scope)] Get AI entity menu from ai_engine
10-03 23:33:42.820 23897 24297 E C01406/OHOS::RS: RSRenderNodeDrawableAdapter::OnGenerate, node type 129 is not supported
10-03 23:33:42.820 23897 24297 E C01406/OHOS::RS: RSRenderNode::InitRenderParams failed
10-03 23:33:42.820 23897 23897 I C03913/AceText: [data_detector_adapter.cpp(52)-(100000:100000:scope)] Get AI entity menu from ai_engine
10-03 23:33:42.820 23897 23897 I C03913/AceText: [data_detector_adapter.cpp(52)-(100000:100000:scope)] Get AI entity menu from ai_engine
10-03 23:33:42.820 23897 23897 I C03913/AceText: [data_detector_adapter.cpp(52)-(100000:100000:scope)] Get AI entity menu from ai_engine
10-03 23:33:42.820 23897 23897 I C03913/AceText: [data_detector_adapter.cpp(52)-(100000:100000:scope)] Get AI entity menu from ai_engine
10-03 23:33:42.820 23897 23897 I C03913/AceText: [data_detector_adapter.cpp(52)-(100000:100000:scope)] Get AI entity menu from ai_engine
10-03 23:33:42.821 23897 23897 I C03913/AceText: [data_detector_adapter.cpp(52)-(100000:100000:scope)] Get AI entity menu from ai_engine
10-03 23:33:42.821 23897 23897 I C03913/AceText: [data_detector_adapter.cpp(52)-(100000:100000:scope)] Get AI entity menu from ai_engine
10-03 23:33:42.821 23897 24297 E C01406/OHOS::RS: RSRenderNodeDrawableAdapter::OnGenerate, node type 129 is not supported
10-03 23:33:42.821 23897 24297 E C01406/OHOS::RS: RSRenderNode::InitRenderParams failed
10-03 23:33:42.821 23897 24297 E C01406/OHOS::RS: RSRenderNodeDrawableAdapter::OnGenerate, node type 129 is not supported
10-03 23:33:42.821 23897 24297 E C01406/OHOS::RS: RSRenderNode::InitRenderParams failed
10-03 23:33:42.821 23897 23897 I C03913/AceText: [data_detector_adapter.cpp(52)-(100000:100000:scope)] Get AI entity menu from ai_engine
10-03 23:33:42.821 23897 23897 I C03913/AceText: [data_detector_adapter.cpp(52)-(100000:100000:scope)] Get AI entity menu from ai_engine
10-03 23:33:42.821 23897 24297 E C01406/OHOS::RS: RSRenderNodeDrawableAdapter::OnGenerate, node type 129 is not supported
10-03 23:33:42.821 23897 24297 E C01406/OHOS::RS: RSRenderNode::InitRenderParams failed
10-03 23:33:42.821 23897 24297 E C01406/OHOS::RS: RSRenderNodeDrawableAdapter::OnGenerate, node type 129 is not supported
10-03 23:33:42.821 23897 24297 E C01406/OHOS::RS: RSRenderNode::InitRenderParams failed
10-03 23:33:42.821 23897 23897 I C03913/AceText: [data_detector_adapter.cpp(52)-(100000:100000:scope)] Get AI entity menu from ai_engine
10-03 23:33:42.821 23897 24297 E C01406/OHOS::RS: RSRenderNodeDrawableAdapter::OnGenerate, node type 129 is not supported
10-03 23:33:42.821 23897 24297 E C01406/OHOS::RS: RSRenderNode::InitRenderParams failed
10-03 23:33:42.822 23897 24297 E C01406/OHOS::RS: RSRenderNodeDrawableAdapter::OnGenerate, node type 129 is not supported
10-03 23:33:42.822 23897 24297 E C01406/OHOS::RS: RSRenderNode::InitRenderParams failed
10-03 23:33:42.822 23897 24297 E C01406/OHOS::RS: RSRenderNodeDrawableAdapter::OnGenerate, node type 129 is not supported
10-03 23:33:42.822 23897 24297 E C01406/OHOS::RS: RSRenderNode::InitRenderParams failed
10-03 23:33:42.822 23897 23897 I C03913/AceText: [data_detector_adapter.cpp(52)-(100000:100000:scope)] Get AI entity menu from ai_engine
10-03 23:33:42.822 23897 24297 E C01406/OHOS::RS: RSRenderNodeDrawableAdapter::OnGenerate, node type 129 is not supported
10-03 23:33:42.822 23897 24297 E C01406/OHOS::RS: RSRenderNode::InitRenderParams failed
10-03 23:33:42.822 23897 24297 E C01406/OHOS::RS: RSRenderNodeDrawableAdapter::OnGenerate, node type 129 is not supported
10-03 23:33:42.822 23897 24297 E C01406/OHOS::RS: RSRenderNode::InitRenderParams failed
10-03 23:33:42.822 23897 24297 E C01406/OHOS::RS: RSRenderNodeDrawableAdapter::OnGenerate, node type 129 is not supported
10-03 23:33:42.822 23897 24297 E C01406/OHOS::RS: RSRenderNode::InitRenderParams failed
10-03 23:33:42.822 23897 24297 E C01406/OHOS::RS: RSRenderNodeDrawableAdapter::OnGenerate, node type 129 is not supported
10-03 23:33:42.822 23897 24297 E C01406/OHOS::RS: RSRenderNode::InitRenderParams failed
10-03 23:33:42.822 23897 24297 E C01406/OHOS::RS: RSRenderNodeDrawableAdapter::OnGenerate, node type 129 is not supported
10-03 23:33:42.822 23897 24297 E C01406/OHOS::RS: RSRenderNode::InitRenderParams failed
10-03 23:33:42.822 23897 24297 E C01406/OHOS::RS: RSRenderNodeDrawableAdapter::OnGenerate, node type 129 is not supported
10-03 23:33:42.822 23897 24297 E C01406/OHOS::RS: RSRenderNode::InitRenderParams failed
10-03 23:33:42.822 23897 25096 I C02b83/RendererInClientInnerPublic: [OnOperationHandled]sessionId 100004 recv operation:4 result:0.
10-03 23:33:42.822 23897 24297 E C01406/OHOS::RS: RSRenderNodeDrawableAdapter::OnGenerate, node type 129 is not supported
10-03 23:33:42.822 23897 24297 E C01406/OHOS::RS: RSRenderNode::InitRenderParams failed
10-03 23:33:42.822 23897 24297 E C01406/OHOS::RS: RSRenderNodeDrawableAdapter::OnGenerate, node type 129 is not supported
10-03 23:33:42.822 23897 24297 E C01406/OHOS::RS: RSRenderNode::InitRenderParams failed
10-03 23:33:42.822 23897 24297 E C01406/OHOS::RS: RSRenderNodeDrawableAdapter::OnGenerate, node type 129 is not supported
10-03 23:33:42.822 23897 24297 E C01406/OHOS::RS: RSRenderNode::InitRenderParams failed
10-03 23:33:42.822 23897 24297 E C01406/OHOS::RS: RSRenderNodeDrawableAdapter::OnGenerate, node type 129 is not supported
10-03 23:33:42.822 23897 24297 E C01406/OHOS::RS: RSRenderNode::InitRenderParams failed
10-03 23:33:42.822 23897 24297 E C01406/OHOS::RS: RSRenderNodeDrawableAdapter::OnGenerate, node type 129 is not supported
10-03 23:33:42.822 23897 24297 E C01406/OHOS::RS: RSRenderNode::InitRenderParams failed
10-03 23:33:42.823 23897 24297 E C01406/OHOS::RS: RSRenderNodeDrawableAdapter::OnGenerate, node type 129 is not supported
10-03 23:33:42.823 23897 24297 E C01406/OHOS::RS: RSRenderNode::InitRenderParams failed
10-03 23:33:42.823 23897 24297 E C01406/OHOS::RS: RSRenderNodeDrawableAdapter::OnGenerate, node type 129 is not supported
10-03 23:33:42.823 23897 24297 E C01406/OHOS::RS: RSRenderNode::InitRenderParams failed
10-03 23:33:42.823 23897 24297 E C01406/OHOS::RS: RSRenderNodeDrawableAdapter::OnGenerate, node type 129 is not supported
10-03 23:33:42.823 23897 24297 E C01406/OHOS::RS: RSRenderNode::InitRenderParams failed
10-03 23:33:42.823 23897 23897 I C03913/AceText: [data_detector_adapter.cpp(52)-(100000:100000:scope)] Get AI entity menu from ai_engine
10-03 23:33:42.823 23897 23897 I C03913/AceText: [data_detector_adapter.cpp(52)-(100000:100000:scope)] Get AI entity menu from ai_engine
10-03 23:33:42.823 23897 23897 I C03913/AceText: [data_detector_adapter.cpp(52)-(100000:100000:scope)] Get AI entity menu from ai_engine
10-03 23:33:42.823 23897 24297 E C01406/OHOS::RS: RSRenderNodeDrawableAdapter::OnGenerate, node type 129 is not supported
10-03 23:33:42.823 23897 24297 E C01406/OHOS::RS: RSRenderNode::InitRenderParams failed
10-03 23:33:42.823 23897 24297 E C01406/OHOS::RS: RSRenderNodeDrawableAdapter::OnGenerate, node type 129 is not supported
10-03 23:33:42.823 23897 24297 E C01406/OHOS::RS: RSRenderNode::InitRenderParams failed
10-03 23:33:42.823 23897 24297 E C01406/OHOS::RS: RSRenderNodeDrawableAdapter::OnGenerate, node type 129 is not supported
10-03 23:33:42.823 23897 24297 E C01406/OHOS::RS: RSRenderNode::InitRenderParams failed
10-03 23:33:42.824 23897 23897 I C03913/AceText: [data_detector_adapter.cpp(52)-(100000:100000:scope)] Get AI entity menu from ai_engine
10-03 23:33:42.824 23897 24297 E C01406/OHOS::RS: RSRenderNodeDrawableAdapter::OnGenerate, node type 129 is not supported
10-03 23:33:42.824 23897 24297 E C01406/OHOS::RS: RSRenderNode::InitRenderParams failed
10-03 23:33:42.824 23897 24297 E C01406/OHOS::RS: RSRenderNodeDrawableAdapter::OnGenerate, node type 129 is not supported
10-03 23:33:42.824 23897 24297 E C01406/OHOS::RS: RSRenderNode::InitRenderParams failed
10-03 23:33:42.824 23897 24297 E C01406/OHOS::RS: RSRenderNodeDrawableAdapter::OnGenerate, node type 129 is not supported
10-03 23:33:42.824 23897 24297 E C01406/OHOS::RS: RSRenderNode::InitRenderParams failed
10-03 23:33:42.824 23897 24297 E C01406/OHOS::RS: RSRenderNodeDrawableAdapter::OnGenerate, node type 129 is not supported
10-03 23:33:42.824 23897 24297 E C01406/OHOS::RS: RSRenderNode::InitRenderParams failed
10-03 23:33:42.824 23897 24297 E C01406/OHOS::RS: RSRenderNodeDrawableAdapter::OnGenerate, node type 129 is not supported
10-03 23:33:42.824 23897 24297 E C01406/OHOS::RS: RSRenderNode::InitRenderParams failed
10-03 23:33:42.824 23897 24297 E C01406/OHOS::RS: RSRenderNodeDrawableAdapter::OnGenerate, node type 129 is not supported
10-03 23:33:42.824 23897 24297 E C01406/OHOS::RS: RSRenderNode::InitRenderParams failed
10-03 23:33:42.824 23897 24297 E C01406/OHOS::RS: RSRenderNodeDrawableAdapter::OnGenerate, node type 129 is not supported
10-03 23:33:42.824 23897 24297 E C01406/OHOS::RS: RSRenderNode::InitRenderParams failed
10-03 23:33:42.824 23897 24297 E C01406/OHOS::RS: RSRenderNodeDrawableAdapter::OnGenerate, node type 129 is not supported
10-03 23:33:42.824 23897 24297 E C01406/OHOS::RS: RSRenderNode::InitRenderParams failed
10-03 23:33:42.824 23897 24297 E C01406/OHOS::RS: RSRenderNodeDrawableAdapter::OnGenerate, node type 129 is not supported
10-03 23:33:42.824 23897 24297 E C01406/OHOS::RS: RSRenderNode::InitRenderParams failed
10-03 23:33:42.824 23897 24297 E C01406/OHOS::RS: RSRenderNodeDrawableAdapter::OnGenerate, node type 129 is not supported
10-03 23:33:42.824 23897 24297 E C01406/OHOS::RS: RSRenderNode::InitRenderParams failed
10-03 23:33:42.824 23897 24297 E C01406/OHOS::RS: RSRenderNodeDrawableAdapter::OnGenerate, node type 129 is not supported
10-03 23:33:42.824 23897 24297 E C01406/OHOS::RS: RSRenderNode::InitRenderParams failed
10-03 23:33:42.824 23897 24297 E C01406/OHOS::RS: RSRenderNodeDrawableAdapter::OnGenerate, node type 129 is not supported
10-03 23:33:42.824 23897 24297 E C01406/OHOS::RS: RSRenderNode::InitRenderParams failed
10-03 23:33:42.825 23897 23897 W C04202/WMSMain: vsync_station.cpp OnVsyncTimeOut: in
10-03 23:33:42.825 23897 23897 I C03913/AceText: [data_detector_adapter.cpp(52)-(100000:100000:scope)] Get AI entity menu from ai_engine
10-03 23:33:42.826 23897 23897 I C03913/AceText: [data_detector_adapter.cpp(52)-(100000:100000:scope)] Get AI entity menu from ai_engine
10-03 23:33:42.827 23897 23897 I C03913/AceText: [data_detector_adapter.cpp(52)-(100000:100000:scope)] Get AI entity menu from ai_engine
10-03 23:33:42.827 23897 23897 I C03913/AceText: [data_detector_adapter.cpp(52)-(100000:100000:scope)] Get AI entity menu from ai_engine
10-03 23:33:42.828 23897 24283 I C02b83/RendererInClientInnerPublic: [FlushAudioStream]Flush stream SUCCESS, sessionId: 100004
10-03 23:33:42.828 23897 23897 I C03913/AceText: [data_detector_adapter.cpp(52)-(100000:100000:scope)] Get AI entity menu from ai_engine
10-03 23:33:42.830 23897 23897 I C03913/AceText: [data_detector_adapter.cpp(52)-(100000:100000:scope)] Get AI entity menu from ai_engine
10-03 23:33:42.830 23897 23897 I C03913/AceText: [data_detector_adapter.cpp(52)-(100000:100000:scope)] Get AI entity menu from ai_engine
10-03 23:33:42.830 23897 23897 I C03913/AceText: [data_detector_adapter.cpp(52)-(100000:100000:scope)] Get AI entity menu from ai_engine
10-03 23:33:42.831 23897 23897 I C03913/AceText: [data_detector_adapter.cpp(52)-(100000:100000:scope)] Get AI entity menu from ai_engine
10-03 23:33:42.832 23897 25092 I C02b83/RendererInClientInnerPublic: [OnOperationHandled]sessionId 100004 recv operation:4 result:0.
10-03 23:33:42.832 23897 23897 I C03913/AceText: [data_detector_adapter.cpp(52)-(100000:100000:scope)] Get AI entity menu from ai_engine
10-03 23:33:42.834 23897 23897 I C03913/AceText: [data_detector_adapter.cpp(52)-(100000:100000:scope)] Get AI entity menu from ai_engine
10-03 23:33:42.844 23897 23897 I C03913/AceText: [data_detector_adapter.cpp(52)-(100000:100000:scope)] Get AI entity menu from ai_engine
10-03 23:33:42.845 23897 24278 I C02b83/RendererInClientInnerPublic: [FlushAudioStream]Flush stream SUCCESS, sessionId: 100004
10-03 23:33:42.848 23897 23897 I C03913/AceText: [data_detector_adapter.cpp(52)-(100000:100000:scope)] Get AI entity menu from ai_engine
10-03 23:33:42.850 23897 23897 I C03913/AceText: [data_detector_adapter.cpp(52)-(100000:100000:scope)] Get AI entity menu from ai_engine
10-03 23:33:42.850 23897 23897 I C03913/AceText: [data_detector_adapter.cpp(52)-(100000:100000:scope)] Get AI entity menu from ai_engine
10-03 23:33:42.851 23897 23897 I C03913/AceText: [data_detector_adapter.cpp(52)-(100000:100000:scope)] Get AI entity menu from ai_engine
10-03 23:33:42.851 23897 23897 I C03913/AceText: [data_detector_adapter.cpp(52)-(100000:100000:scope)] Get AI entity menu from ai_engine
10-03 23:33:42.852 23897 23897 I C03913/AceText: [data_detector_adapter.cpp(52)-(100000:100000:scope)] Get AI entity menu from ai_engine
10-03 23:33:42.852 23897 23897 I C03913/AceText: [data_detector_adapter.cpp(52)-(100000:100000:scope)] Get AI entity menu from ai_engine
10-03 23:33:42.853 23897 23897 I C03913/AceText: [data_detector_adapter.cpp(52)-(100000:100000:scope)] Get AI entity menu from ai_engine
10-03 23:33:42.853 23897 23897 I C03913/AceText: [data_detector_adapter.cpp(52)-(100000:100000:scope)] Get AI entity menu from ai_engine
10-03 23:33:42.853 23897 23897 I C03913/AceText: [data_detector_adapter.cpp(52)-(100000:100000:scope)] Get AI entity menu from ai_engine
10-03 23:33:42.853 23897 23897 I C03913/AceText: [data_detector_adapter.cpp(52)-(100000:100000:scope)] Get AI entity menu from ai_engine
10-03 23:33:42.853 23897 23897 I C03913/AceText: [data_detector_adapter.cpp(52)-(100000:100000:scope)] Get AI entity menu from ai_engine
10-03 23:33:42.853 23897 23897 I C03913/AceText: [data_detector_adapter.cpp(52)-(100000:100000:scope)] Get AI entity menu from ai_engine
10-03 23:33:42.854 23897 23897 I C03913/AceText: [data_detector_adapter.cpp(52)-(100000:100000:scope)] Get AI entity menu from ai_engine
10-03 23:33:42.855 23897 24297 E C01406/OHOS::RS: RSRenderNodeDrawableAdapter::OnGenerate, node type 129 is not supported
10-03 23:33:42.855 23897 24297 E C01406/OHOS::RS: RSRenderNodeDrawableAdapter::OnGenerate, node type 129 is not supported
10-03 23:33:42.855 23897 24297 E C01406/OHOS::RS: RSRenderNodeDrawableAdapter::OnGenerate, node type 129 is not supported
10-03 23:33:42.855 23897 24297 E C01406/OHOS::RS: RSRenderNodeDrawableAdapter::OnGenerate, node type 129 is not supported
10-03 23:33:42.855 23897 24297 E C01406/OHOS::RS: RSRenderNodeDrawableAdapter::OnGenerate, node type 129 is not supported
10-03 23:33:42.855 23897 24297 E C01406/OHOS::RS: RSRenderNodeDrawableAdapter::OnGenerate, node type 129 is not supported
10-03 23:33:42.855 23897 24297 E C01406/OHOS::RS: RSRenderNodeDrawableAdapter::OnGenerate, node type 129 is not supported
10-03 23:33:42.855 23897 24297 E C01406/OHOS::RS: RSRenderNodeDrawableAdapter::OnGenerate, node type 129 is not supported
10-03 23:33:42.855 23897 24297 E C01406/OHOS::RS: RSRenderNodeDrawableAdapter::OnGenerate, node type 129 is not supported
10-03 23:33:42.855 23897 24297 E C01406/OHOS::RS: RSRenderNodeDrawableAdapter::OnGenerate, node type 129 is not supported
10-03 23:33:42.855 23897 24297 E C01406/OHOS::RS: RSRenderNodeDrawableAdapter::OnGenerate, node type 129 is not supported
10-03 23:33:42.855 23897 24297 E C01406/OHOS::RS: RSRenderNodeDrawableAdapter::OnGenerate, node type 129 is not supported
10-03 23:33:42.855 23897 24297 E C01406/OHOS::RS: RSRenderNodeDrawableAdapter::OnGenerate, node type 129 is not supported
10-03 23:33:42.855 23897 24297 E C01406/OHOS::RS: RSRenderNodeDrawableAdapter::OnGenerate, node type 129 is not supported
10-03 23:33:42.856 23897 24297 E C01406/OHOS::RS: RSRenderNodeDrawableAdapter::OnGenerate, node type 129 is not supported
10-03 23:33:42.856 23897 24297 E C01406/OHOS::RS: RSRenderNodeDrawableAdapter::OnGenerate, node type 129 is not supported
10-03 23:33:42.856 23897 24297 E C01406/OHOS::RS: RSRenderNodeDrawableAdapter::OnGenerate, node type 129 is not supported
10-03 23:33:42.856 23897 24297 E C01406/OHOS::RS: RSRenderNodeDrawableAdapter::OnGenerate, node type 129 is not supported
10-03 23:33:42.856 23897 24297 E C01406/OHOS::RS: RSRenderNodeDrawableAdapter::OnGenerate, node type 129 is not supported
10-03 23:33:42.856 23897 24297 E C01406/OHOS::RS: RSRenderNodeDrawableAdapter::OnGenerate, node type 129 is not supported
10-03 23:33:42.856 23897 24297 E C01406/OHOS::RS: RSRenderNodeDrawableAdapter::OnGenerate, node type 129 is not supported
10-03 23:33:42.856 23897 24297 E C01406/OHOS::RS: RSRenderNodeDrawableAdapter::OnGenerate, node type 129 is not supported
10-03 23:33:42.856 23897 24297 E C01406/OHOS::RS: RSRenderNodeDrawableAdapter::OnGenerate, node type 129 is not supported
10-03 23:33:42.857 23897 24297 E C01406/OHOS::RS: RSRenderNodeDrawableAdapter::OnGenerate, node type 129 is not supported
10-03 23:33:42.858 23897 23897 I C03913/AceText: [data_detector_adapter.cpp(52)-(100000:100000:scope)] Get AI entity menu from ai_engine
10-03 23:33:42.858 23897 23897 I C03913/AceText: [data_detector_adapter.cpp(52)-(100000:100000:scope)] Get AI entity menu from ai_engine
10-03 23:33:42.858 23897 24297 E C01406/OHOS::RS: RSRenderNodeDrawableAdapter::OnGenerate, node type 129 is not supported
10-03 23:33:42.858 23897 24297 E C01406/OHOS::RS: RSRenderNodeDrawableAdapter::OnGenerate, node type 129 is not supported
10-03 23:33:42.858 23897 24297 E C01406/OHOS::RS: RSRenderNodeDrawableAdapter::OnGenerate, node type 129 is not supported
10-03 23:33:42.859 23897 23897 I C03913/AceText: [data_detector_adapter.cpp(52)-(100000:100000:scope)] Get AI entity menu from ai_engine
10-03 23:33:42.859 23897 23897 I C03913/AceText: [data_detector_adapter.cpp(52)-(100000:100000:scope)] Get AI entity menu from ai_engine
10-03 23:33:42.859 23897 23897 I C03913/AceText: [data_detector_adapter.cpp(52)-(100000:100000:scope)] Get AI entity menu from ai_engine
10-03 23:33:42.859 23897 23897 I C03913/AceText: [data_detector_adapter.cpp(52)-(100000:100000:scope)] Get AI entity menu from ai_engine
10-03 23:33:42.859 23897 24297 E C01406/OHOS::RS: RSRenderNodeDrawableAdapter::OnGenerate, node type 129 is not supported
10-03 23:33:42.859 23897 23897 I C03913/AceText: [data_detector_adapter.cpp(52)-(100000:100000:scope)] Get AI entity menu from ai_engine
10-03 23:33:42.859 23897 23897 I C03913/AceText: [data_detector_adapter.cpp(52)-(100000:100000:scope)] Get AI entity menu from ai_engine
10-03 23:33:42.859 23897 24297 E C01406/OHOS::RS: RSRenderNodeDrawableAdapter::OnGenerate, node type 129 is not supported
10-03 23:33:42.860 23897 23897 I C03913/AceText: [data_detector_adapter.cpp(52)-(100000:100000:scope)] Get AI entity menu from ai_engine
10-03 23:33:42.860 23897 24297 E C01406/OHOS::RS: RSRenderNodeDrawableAdapter::OnGenerate, node type 129 is not supported
10-03 23:33:42.860 23897 23897 E C03900/Ace: [rosen_window.cpp(254)-(-2:100000:singleton)] ArkUI request vsync,but no vsync received in 3 seconds
10-03 23:33:42.860 23897 24297 E C01406/OHOS::RS: RSRenderNodeDrawableAdapter::OnGenerate, node type 129 is not supported
10-03 23:33:42.860 23897 24297 E C01406/OHOS::RS: RSRenderNodeDrawableAdapter::OnGenerate, node type 129 is not supported
10-03 23:33:42.860 23897 24297 E C01406/OHOS::RS: RSRenderNodeDrawableAdapter::OnGenerate, node type 129 is not supported
10-03 23:33:42.860 23897 24297 E C01406/OHOS::RS: RSRenderNodeDrawableAdapter::OnGenerate, node type 129 is not supported
10-03 23:33:42.860 23897 24297 E C01406/OHOS::RS: RSRenderNodeDrawableAdapter::OnGenerate, node type 129 is not supported
10-03 23:33:42.860 23897 24297 E C01406/OHOS::RS: RSRenderNodeDrawableAdapter::OnGenerate, node type 129 is not supported
10-03 23:33:42.860 23897 24297 E C01406/OHOS::RS: RSRenderNodeDrawableAdapter::OnGenerate, node type 129 is not supported
10-03 23:33:42.860 23897 24297 E C01406/OHOS::RS: RSRenderNodeDrawableAdapter::OnGenerate, node type 129 is not supported
10-03 23:33:42.863 23897 24297 E C01406/OHOS::RS: RSRenderNodeDrawableAdapter::OnGenerate, node type 129 is not supported
10-03 23:33:42.863 23897 23897 W C01400/Vsync: PrintRequestTs: recv vsync timeout, from:WM_23897, now:11786045281610, fromRsTs:11778986370510, timeInterval:7058911100ns
10-03 23:33:42.863 23897 24297 E C01406/OHOS::RS: RSRenderNodeDrawableAdapter::OnGenerate, node type 129 is not supported
10-03 23:33:42.863 23897 24297 E C01406/OHOS::RS: RSRenderNodeDrawableAdapter::OnGenerate, node type 129 is not supported
10-03 23:33:42.863 23897 24297 E C01406/OHOS::RS: RSRenderNodeDrawableAdapter::OnGenerate, node type 129 is not supported
10-03 23:33:42.863 23897 24297 E C01406/OHOS::RS: RSRenderNodeDrawableAdapter::OnGenerate, node type 129 is not supported
10-03 23:33:42.864 23897 24297 E C01406/OHOS::RS: RSRenderNodeDrawableAdapter::OnGenerate, node type 129 is not supported
10-03 23:33:42.864 23897 24297 E C01406/OHOS::RS: RSRenderNodeDrawableAdapter::OnGenerate, node type 129 is not supported
10-03 23:33:42.864 23897 24297 E C01406/OHOS::RS: RSRenderNodeDrawableAdapter::OnGenerate, node type 129 is not supported
10-03 23:33:42.864 23897 24297 E C01406/OHOS::RS: RSRenderNodeDrawableAdapter::OnGenerate, node type 129 is not supported
10-03 23:33:42.864 23897 24297 E C01406/OHOS::RS: RSRenderNodeDrawableAdapter::OnGenerate, node type 129 is not supported
10-03 23:33:42.864 23897 24297 E C01406/OHOS::RS: RSRenderNodeDrawableAdapter::OnGenerate, node type 129 is not supported
10-03 23:33:42.864 23897 24297 E C01406/OHOS::RS: RSRenderNodeDrawableAdapter::OnGenerate, node type 129 is not supported
10-03 23:33:42.864 23897 24297 E C01406/OHOS::RS: RSRenderNodeDrawableAdapter::OnGenerate, node type 129 is not supported
10-03 23:33:42.864 23897 24297 E C01406/OHOS::RS: RSRenderNodeDrawableAdapter::OnGenerate, node type 129 is not supported
10-03 23:33:42.864 23897 24297 E C01406/OHOS::RS: RSRenderNodeDrawableAdapter::OnGenerate, node type 129 is not supported
10-03 23:33:42.865 23897 24297 E C01406/OHOS::RS: RSRenderNodeDrawableAdapter::OnGenerate, node type 129 is not supported
10-03 23:33:42.866 23897 23897 I C01406/OHOS::RS: [RenderAnimation] Id: 102636833472591 SetExpectedFrameRateRange{0, 90, 15}
10-03 23:33:42.866 23897 24297 E C01406/OHOS::RS: RSRenderNodeDrawableAdapter::OnGenerate, node type 129 is not supported
10-03 23:33:42.866 23897 24297 E C01406/OHOS::RS: RSRenderNodeDrawableAdapter::OnGenerate, node type 129 is not supported
10-03 23:33:42.866 23897 24297 E C01406/OHOS::RS: RSRenderNodeDrawableAdapter::OnGenerate, node type 129 is not supported
10-03 23:33:42.866 23897 24297 E C01406/OHOS::RS: RSRenderNodeDrawableAdapter::OnGenerate, node type 129 is not supported
10-03 23:33:42.867 23897 23897 I C02d66/Hiview-PerfMonitor: ProcessJank: JankFrameMonitor::ProcessJank jank >= threshold
10-03 23:33:42.867 23897 24297 E C01406/OHOS::RS: RSRenderNodeDrawableAdapter::OnGenerate, node type 129 is not supported
10-03 23:33:42.867 23897 24297 E C01406/OHOS::RS: RSRenderNodeDrawableAdapter::OnGenerate, node type 129 is not supported
10-03 23:33:42.868 23897 24297 E C01406/OHOS::RS: RSRenderNodeDrawableAdapter::OnGenerate, node type 129 is not supported
10-03 23:33:42.868 23897 24297 E C01406/OHOS::RS: RSRenderNodeDrawableAdapter::OnGenerate, node type 129 is not supported
10-03 23:33:42.868 23897 24297 E C01406/OHOS::RS: RSRenderNodeDrawableAdapter::OnGenerate, node type 129 is not supported
10-03 23:33:42.868 23897 24297 E C01406/OHOS::RS: RSRenderNodeDrawableAdapter::OnGenerate, node type 129 is not supported
10-03 23:33:42.868 23897 24297 E C01406/OHOS::RS: RSRenderNodeDrawableAdapter::OnGenerate, node type 129 is not supported
10-03 23:33:42.868 23897 24297 E C01406/OHOS::RS: RSRenderNodeDrawableAdapter::OnGenerate, node type 129 is not supported
10-03 23:33:42.868 23897 24297 E C01406/OHOS::RS: RSRenderNodeDrawableAdapter::OnGenerate, node type 129 is not supported
10-03 23:33:42.868 23897 24297 E C01406/OHOS::RS: RSRenderNodeDrawableAdapter::OnGenerate, node type 129 is not supported
10-03 23:33:42.868 23897 24297 E C01406/OHOS::RS: RSRenderNodeDrawableAdapter::OnGenerate, node type 129 is not supported
10-03 23:33:42.868 23897 24297 E C01406/OHOS::RS: RSRenderNodeDrawableAdapter::OnGenerate, node type 129 is not supported
10-03 23:33:42.868 23897 24297 E C01406/OHOS::RS: RSRenderNodeDrawableAdapter::OnGenerate, node type 129 is not supported
10-03 23:33:42.868 23897 24297 E C01406/OHOS::RS: RSRenderNodeDrawableAdapter::OnGenerate, node type 129 is not supported
10-03 23:33:42.869 23897 24297 E C01406/OHOS::RS: RSRenderNodeDrawableAdapter::OnGenerate, node type 129 is not supported
10-03 23:33:42.869 23897 24297 E C01406/OHOS::RS: RSRenderNodeDrawableAdapter::OnGenerate, node type 129 is not supported
10-03 23:33:42.869 23897 24297 E C01406/OHOS::RS: RSRenderNodeDrawableAdapter::OnGenerate, node type 129 is not supported
10-03 23:33:42.869 23897 24297 E C01406/OHOS::RS: RSRenderNodeDrawableAdapter::OnGenerate, node type 129 is not supported
10-03 23:33:42.869 23897 24297 E C01406/OHOS::RS: RSRenderNodeDrawableAdapter::OnGenerate, node type 129 is not supported
10-03 23:33:42.869 23897 24297 E C01406/OHOS::RS: RSRenderNodeDrawableAdapter::OnGenerate, node type 129 is not supported
10-03 23:33:42.869 23897 24297 E C01406/OHOS::RS: RSRenderNodeDrawableAdapter::OnGenerate, node type 129 is not supported
10-03 23:33:42.869 23897 24297 E C01406/OHOS::RS: RSRenderNodeDrawableAdapter::OnGenerate, node type 129 is not supported
10-03 23:33:42.869 23897 24297 E C01406/OHOS::RS: RSRenderNodeDrawableAdapter::OnGenerate, node type 129 is not supported
10-03 23:33:42.869 23897 24297 E C01406/OHOS::RS: RSRenderNodeDrawableAdapter::OnGenerate, node type 129 is not supported
10-03 23:33:42.869 23897 24297 E C01406/OHOS::RS: RSRenderNodeDrawableAdapter::OnGenerate, node type 129 is not supported
10-03 23:33:42.869 23897 24297 E C01406/OHOS::RS: RSRenderNodeDrawableAdapter::OnGenerate, node type 129 is not supported
10-03 23:33:42.869 23897 24297 E C01406/OHOS::RS: RSRenderNodeDrawableAdapter::OnGenerate, node type 129 is not supported
10-03 23:33:42.869 23897 24297 E C01406/OHOS::RS: RSRenderNodeDrawableAdapter::OnGenerate, node type 129 is not supported
10-03 23:33:42.869 23897 24297 E C01406/OHOS::RS: RSRenderNodeDrawableAdapter::OnGenerate, node type 129 is not supported
10-03 23:33:42.869 23897 24297 E C01406/OHOS::RS: RSRenderNodeDrawableAdapter::OnGenerate, node type 129 is not supported
10-03 23:33:42.869 23897 24297 E C01406/OHOS::RS: RSRenderNodeDrawableAdapter::OnGenerate, node type 129 is not supported
10-03 23:33:42.869 23897 24297 E C01406/OHOS::RS: RSRenderNodeDrawableAdapter::OnGenerate, node type 129 is not supported
10-03 23:33:42.871 23897 24297 E C01406/OHOS::RS: QueryEglBufferAge: eglQuerySurface is failed
10-03 23:33:42.891 23897 24267 E C02d11/DfxSignalHandler: dummy exit (0)
10-03 23:33:42.955 23897 24267 E C02d11/DfxSignalHandler: dummy exit (0)
10-03 23:33:42.955 23897 24267 I C02d11/DfxSignalHandler: Finish handle signal(35) in 23897:24267.
10-03 23:33:42.955 23897 24267 W C03f07/MUSL-SIGCHAIN: signal_chain_handler call 0 rd sigchain action for signal: 35 directly return
10-03 23:33:42.960 23897 23897 I C02d66/Hiview-PerfMonitor: ProcessJank: JankFrameMonitor::ProcessJank jank >= threshold
10-03 23:33:42.973 23897 24297 E C01406/OHOS::RS: QueryEglBufferAge: eglQuerySurface is failed
10-03 23:33:43.001 23897 24297 E C01406/OHOS::RS: QueryEglBufferAge: eglQuerySurface is failed
catcher cmd: hilog -z 1000 -P end time: 2026/10/03-23:33:43:016
---------------------------------------------------

---------------------------------------------------
catcher cmd: hidumper --cpuusage start time: 2026/10/03-23:33:43:017

catcher cmd: hidumper --cpuusage 

-------------------------------[cpuusage]-------------------------------

catcher cmd: hidumper --cpuusage end time: 2026/10/03-23:33:43:117
---------------------------------------------------

---------------------------------------------------
CpuCoreInfoCatcher -- start time: 2026/10/03-23:33:43:117

CpuCoreInfoCatcher --

cpu, userUsage=0.344206

cpu0, userUsage=0.121269

cpu1, userUsage=0.671670

cpu2, userUsage=0.324022

cpu3, userUsage=0.241121

cpu4, userUsage=0.500911

cpu5, userUsage=0.201521

cpu0, cpuFreq=0, minFreq=0, maxFreq=0

cpu1, cpuFreq=0, minFreq=0, maxFreq=0

cpu2, cpuFreq=0, minFreq=0, maxFreq=0

cpu3, cpuFreq=0, minFreq=0, maxFreq=0

cpu4, cpuFreq=0, minFreq=0, maxFreq=0

cpu5, cpuFreq=0, minFreq=0, maxFreq=0

---------------------------------------------------
collect StabilityGetTempFreqInfo start time: 2026/10/03-23:33:43:135

Freq: bigCur: , bigMax: , midCur: , midMax: , litCur: , litMax: 
IPA: 

collect StabilityGetTempFreqInfo end time: 2026/10/03-23:33:43:136
---------------------------------------------------
CpuCoreInfoCatcher -- end time: 2026/10/03-23:33:43:136
---------------------------------------------------

---------------------------------------------------
MemoryCatcher -- start time: 2026/10/03-23:33:43:137

MemoryCatcher --

Get freeze memory start time: 2026-10-03 23:33:42.762
MemTotal:        4017276 kB
MemFree:         2114876 kB
MemAvailable:    2987756 kB
Buffers:           34848 kB
Cached:          1008616 kB
SwapCached:            0 kB
Active:           510420 kB
Inactive:        1239128 kB
Active(anon):        532 kB
Inactive(anon):   832792 kB
Active(file):     509888 kB
Inactive(file):   406336 kB
Unevictable:       14168 kB
Mlocked:               0 kB
SwapTotal:             0 kB
SwapFree:              0 kB
Dirty:                20 kB
Writeback:             0 kB
AnonPages:        720160 kB
Mapped:           627580 kB
Shmem:            127240 kB
KReclaimable:      23460 kB
Slab:              73684 kB
SReclaimable:      23460 kB
SUnreclaim:        50224 kB
KernelStack:       18448 kB
PageTables:        25888 kB
SecPageTables:         0 kB
NFS_Unstable:          0 kB
Bounce:                0 kB
WritebackTmp:          0 kB
CommitLimit:     2008636 kB
Committed_AS:   10732428 kB
VmallocTotal:   34359738367 kB
VmallocUsed:       19732 kB
VmallocChunk:          0 kB
Percpu:             1888 kB
CmaTotal:              0 kB
CmaFree:               0 kB
HugePages_Total:       0
HugePages_Free:        0
HugePages_Rsvd:        0
HugePages_Surp:        0
Hugepagesize:       2048 kB
Hugetlb:               0 kB
DirectMap4k:       22348 kB
DirectMap2M:     3123200 kB
DirectMap1G:     3145728 kB
Get freeze memory end time: 2026-10-03 23:33:42.762
don't collect ashmem dmaheap gpumem
MemoryCatcher -- end time: 2026/10/03-23:33:43:149
---------------------------------------------------

---------------------------------------------------
catcher cmd: hidumper -s 1910 -a DumpAppMap start time: 2026/10/03-23:33:43:149

catcher cmd: hidumper -s 1910 -a DumpAppMap 
catcher cmd: hidumper -s 1910 -a DumpAppMap end time: 2026/10/03-23:33:43:174
---------------------------------------------------

---------------------------------------------------
ThermalInfoCatcher -- start time: 2026/10/03-23:33:43:174

ThermalInfoCatcher --

ThermalLevel info: 0
ThermalInfoCatcher -- end time: 2026/10/03-23:33:43:183
---------------------------------------------------

---------------------------------------------------
SummaryLogInfoCatcher -- start time: 2026/10/03-23:33:43:183

SummaryLogInfoCatcher --

SummaryLogInfoCatcher -- end time: 2026/10/03-23:33:43:191
---------------------------------------------------


Catcher log total time is 375ms
